Station,2021-01,2021-02,2021-03,2021-04,2021-05,2021-06,2021-07,2021-08,2021-09,2021-10,2021-11,2021-12,2022-01,2022-02,2022-03,2022-04,2022-05,2022-06,2022-07,2022-08,2022-09,2022-10,2022-11,2022-12,2023-01,2023-02,2023-03,2023-04,2023-05,2023-06,2023-07,2023-08,2023-09,2023-10,2023-11,2023-12,2024-01,2024-02,2024-03,2024-04,2024-05,2024-06,2024-07,2024-08,2024-09,2024-10,2024-11,2024-12
AMG Pondok Betung,61.29,100,100,100,93.55,100,100,100,60,0,0,0,90.32,100,100,100,100,96.67,58.06,35.48,100,100,96.67,61.29,12.9,35.71,70.97,100,100,100,100,100,100,100,96.67,100,100,100,100,100,100,100,100,100,100,100,83.33,96.77
Balai Kota Depok,0,0,0,0,0,0,0,0,0,0,0,0,0,0,0,0,0,0,0,0,0,51.61,90,100,100,100,100,93.33,96.77,100,100,100,100,100,90,100,100,100,100,100,100,100,100,100,100,100,100,96.77
Balai Kota Tangsel,0,0,0,0,0,0,0,0,0,0,0,0,0,0,0,0,0,0,0,0,0,0,0,35.48,100,100,90.32,96.67,100,100,100,100,100,100,100,100,100,100,96.77,100,100,100,100,100,100,96.77,96.67,100
Balai Pengkajian Teknologi Pertanian (BPTP),0,0,0,0,0,0,0,0,0,0,0,0,0,0,0,0,0,0,0,0,0,0,0,0,0,0,0,0,0,0,0,0,0,22.58,100,100,100,100,100,100,100,100,100,100,100,100,100,96.77
Balai Wilayah I Medan,45.16,100,74.19,83.33,93.55,100,100,70.97,6.67,0,96.67,100,100,100,100,100,100,93.33,100,100,100,38.71,96.67,100,100,100,100,100,100,100,100,100,100,100,100,100,100,100,100,100,100,100,100,100,100,100,100,96.77
Balai Wilayah II Ciputat,61.29,100,100,86.67,0,90,100,100,100,100,100,100,100,100,100,100,100,96.67,100,90.32,100,100,96.67,83.87,83.87,21.43,96.77,100,100,100,100,87.1,93.33,100,100,96.77,100,100,100,100,100,100,100,100,100,100,100,96.77
Balai Wilayah III Denpasar,58.06,100,100,100,9.68,0,0,0,30,100,100,100,100,100,100,100,100,93.33,100,100,93.33,96.77,96.67,80.65,100,100,100,100,100,100,100,100,100,100,100,100,100,100,100,100,100,100,100,100,100,100,100,96.77
Batan,0,0,0,0,0,0,0,0,0,0,0,0,0,0,0,0,0,0,0,0,0,0,0,32.26,100,100,93.55,93.33,100,100,100,100,100,100,100,100,100,100,100,100,100,100,100,100,100,100,100,100
BMKG I Ruang Kalibrasi Lt. Dasar,61.29,100,100,100,93.55,100,100,100,100,100,100,100,100,100,100,100,100,96.67,93.55,100,100,100,96.67,100,100,100,100,100,100,100,100,100,100,100,100,100,100,100,100,100,100,100,100,100,100,100,100,96.77
BMKG II Bag. Rumah Tangga Lt. 11,61.29,100,100,100,93.55,100,100,100,100,100,100,100,100,100,100,100,100,96.67,58.06,100,100,100,96.67,100,100,100,100,100,100,100,100,100,100,100,100,100,100,100,100,100,100,100,90.32,100,100,100,100,96.77
BMKG III Kemayoran Lt. 3,61.29,100,100,100,93.55,100,96.77,93.55,100,100,73.33,0,0,0,0,0,0,30,100,100,100,100,96.67,100,100,64.29,100,100,100,100,100,100,100,83.87,90,100,93.55,100,100,100,100,100,100,100,100,100,100,96.77
BMKG Pusat Gedung C Lantai 3,0,0,0,0,0,0,0,0,0,0,0,0,0,0,0,0,0,0,0,0,0,51.61,96.67,100,100,100,90.32,96.67,93.55,100,83.87,100,100,100,73.33,100,3.23,86.21,100,100,100,46.67,0,0,70,100,100,96.77
BPBD Bantul Yogyakarta,61.29,100,96.77,70,93.55,100,100,100,60,32.26,100,100,100,39.29,0,0,0,0,0,0,100,67.74,96.67,100,100,100,61.29,0,0,0,0,74.19,100,100,100,100,100,100,100,100,96.77,96.67,100,100,100,100,100,96.77
BPBD Bengukulu,0,0,0,0,0,0,0,0,0,0,0,0,0,0,0,0,0,0,0,0,0,0,0,0,0,0,0,0,0,0,0,0,0,51.61,100,100,93.55,100,100,100,77.42,50,100,100,100,100,100,96.77
BPBD Cilacap,0,0,0,0,0,0,0,0,0,0,0,0,0,0,0,0,0,0,0,0,0,0,0,29.03,100,100,100,100,100,100,90.32,100,100,100,100,100,100,100,100,100,100,100,100,100,100,100,100,100
BPBD Gunung Kidul,0,0,0,0,0,0,0,0,0,0,0,0,0,0,0,0,0,0,0,0,0,19.35,0,100,100,100,83.87,93.33,100,100,100,100,100,100,100,100,100,100,100,100,100,100,100,100,100,100,100,100
BPBD Jembrana,61.29,75,100,96.67,80.65,100,3.23,3.23,96.67,100,100,100,90.32,100,100,100,100,100,58.06,93.55,100,51.61,26.67,35.48,29.03,64.29,87.1,96.67,100,100,100,90.32,96.67,100,100,100,100,100,100,100,100,100,100,100,100,100,100,96.77
BPBD KAB CIANJUR,0,0,0,0,0,0,0,0,0,0,0,0,0,0,0,0,0,76.67,96.77,100,6.67,51.61,96.67,100,96.77,100,100,100,100,100,100,100,100,100,100,100,100,100,64.52,100,100,100,100,100,100,100,100,96.77
BPBD Kab. Bandung,0,0,0,0,0,0,0,0,0,0,0,0,0,0,0,0,0,0,0,0,0,0,0,29.03,100,100,100,100,100,100,100,100,100,100,100,100,100,100,100,100,100,100,100,100,100,100,100,96.77
BPBD Kab. Bandung Barat,0,0,0,0,0,0,0,0,0,0,0,0,0,0,0,0,0,0,0,0,0,0,0,29.03,100,100,100,100,100,100,100,100,100,100,100,100,100,100,100,100,100,100,100,100,100,100,100,96.77
BPBD Kab. Bangli,61.29,100,100,96.67,100,100,100,100,60,96.77,100,100,96.77,100,100,100,100,70,100,100,100,100,23.33,35.48,6.45,3.57,80.65,100,100,100,100,100,100,100,100,100,100,100,93.55,100,100,100,100,100,100,100,100,96.77
BPBD Kab. Bantul,0,0,0,0,0,0,0,0,0,0,0,0,0,0,0,0,0,0,0,0,0,51.61,93.33,100,100,96.43,93.55,93.33,100,100,100,77.42,0,0,0,0,0,0,80.65,100,100,100,96.77,100,100,100,100,100
BPBD Kab. BengkuluSelatan,61.29,100,100,100,80.65,96.67,100,93.55,100,100,46.67,48.39,96.77,100,100,100,100,80,51.61,0,0,93.55,96.67,100,100,100,77.42,96.67,100,76.67,3.23,32.26,100,48.39,93.33,12.9,29.03,31.03,77.42,100,100,33.33,90.32,100,100,100,100,96.77
BPBD Kab. BengkuluUtara,0,0,45.16,0,0,0,0,0,0,0,0,29.03,100,42.86,90.32,100,100,80,58.06,0,0,64.52,96.67,100,35.48,10.71,54.84,63.33,80.65,100,100,100,96.67,100,100,100,100,48.28,12.9,0,0,0,0,0,0,0,0,0
BPBD Kab. Rejang Lebong,61.29,82.14,45.16,100,45.16,0,0,0,0,0,86.67,83.87,96.77,0,0,0,0,0,0,0,0,51.61,96.67,100,93.55,100,100,100,100,93.33,100,100,100,100,50,96.77,100,100,100,100,100,73.33,100,100,100,100,96.67,96.77
BPBD Kab. Seluma,61.29,67.86,74.19,33.33,3.23,16.67,48.39,45.16,40,6.45,80,83.87,100,100,100,20,0,0,0,0,3.33,32.26,73.33,100,100,100,100,100,100,100,100,100,100,100,100,100,58.06,0,74.19,100,100,76.67,100,100,100,100,100,96.77
BPBD Kab. Sleman,0,0,0,0,0,0,0,0,0,0,0,0,0,0,0,0,0,0,0,0,0,0,0,29.03,100,100,100,100,100,100,100,100,100,100,100,100,100,100,100,100,100,100,100,100,100,100,100,100
BPBD Kabupaten Badung,61.29,100,100,96.67,100,100,100,100,96.67,100,100,100,96.77,100,100,100,100,90,67.74,100,100,51.61,26.67,35.48,12.9,64.29,83.87,100,100,100,100,100,100,100,100,100,100,89.66,93.55,100,100,100,100,100,100,100,100,96.77
BPBD Kabupaten Buleleng,61.29,100,100,96.67,64.52,0,29.03,87.1,0,0,53.33,100,96.77,100,100,100,100,63.33,58.06,96.77,100,93.55,26.67,35.48,29.03,64.29,87.1,100,100,100,100,100,100,100,100,100,100,100,100,100,100,100,100,100,100,100,100,96.77
BPBD Kabupaten Gianyar,61.29,100,100,96.67,74.19,50,67.74,100,46.67,51.61,13.33,70.97,0,46.43,77.42,100,100,100,100,70.97,86.67,51.61,23.33,35.48,19.35,64.29,83.87,100,100,100,100,90.32,83.33,100,23.33,90.32,100,100,93.55,100,100,100,100,100,100,100,100,96.77
BPBD Kabupaten Tabanan,61.29,100,100,96.67,64.52,100,100,100,96.67,100,100,100,96.77,100,100,100,100,86.67,83.87,74.19,96.67,41.94,30,35.48,12.9,57.14,58.06,100,100,100,100,100,93.33,100,100,100,93.55,89.66,90.32,100,100,100,100,100,100,100,100,100
BPBD Kota Bekasi Utara,0,0,0,0,0,0,0,0,0,0,0,0,0,0,0,0,0,0,0,0,16.67,100,86.67,93.55,38.71,50,96.77,96.67,100,100,100,100,100,100,100,100,100,100,100,100,100,100,100,100,100,100,100,96.77
BPBD Kota Cimahi,0,0,0,0,0,0,0,0,0,0,0,0,0,0,0,0,0,0,0,0,0,0,0,29.03,100,100,100,100,90.32,100,100,100,100,100,100,100,100,100,96.77,100,100,96.67,19.35,100,100,100,100,96.77
BPBD Kota Palu,0,0,0,0,0,0,0,0,0,0,0,0,0,0,0,0,0,0,0,0,0,0,0,0,0,0,0,0,0,0,0,0,0,0,0,0,0,0,0,0,0,0,6.45,100,100,100,100,100
BPBD Kota Tangerang,0,0,0,0,0,0,0,0,0,0,0,0,0,0,0,0,0,0,0,0,0,51.61,93.33,100,100,96.43,80.65,90,100,100,100,100,100,100,100,100,93.55,100,100,100,100,100,100,100,100,100,100,83.87
BPBD Muko Muko,51.61,96.43,100,90,93.55,100,83.87,93.55,80,41.94,3.33,77.42,67.74,67.86,100,100,35.48,33.33,74.19,48.39,73.33,54.84,96.67,100,100,100,100,100,100,93.33,100,100,100,100,70,16.13,100,100,100,100,100,100,100,100,100,100,100,96.77
BPBD Pedurungan,0,0,0,0,0,0,0,0,0,0,0,0,0,0,0,0,0,0,0,0,0,38.71,93.33,100,100,100,83.87,93.33,96.77,100,100,100,100,100,100,100,100,100,100,100,100,100,100,100,100,100,100,100
BPBD Provinsi Bengkulu,61.29,100,100,100,93.55,100,100,100,100,100,100,83.87,100,100,100,100,100,33.33,90.32,100,100,100,96.67,100,100,100,100,100,100,100,100,100,100,100,100,64.52,90.32,100,100,100,100,73.33,100,100,100,100,100,96.77
BPBD Provinsi Jawa Barat,0,0,0,0,0,0,0,0,0,0,0,0,0,0,0,0,0,0,0,0,0,0,0,29.03,100,100,100,100,100,100,100,100,100,100,100,100,100,82.76,100,100,100,100,100,100,100,100,100,96.77
BPBD Provinsi Nusa Tenggara Timur,0,0,0,0,0,0,0,0,0,0,0,0,0,0,0,0,0,0,0,0,0,0,0,0,0,0,0,0,0,0,0,0,0,0,0,0,0,0,0,0,0,0,0,0,0,0,0,22.58
BPBD Tangerang Selatan,0,0,0,0,0,0,0,0,0,0,0,0,0,0,0,0,0,0,0,0,0,0,0,35.48,100,100,100,100,100,100,100,100,100,100,100,100,100,100,100,100,100,100,100,100,100,100,100,100
BPBD Yogyakarta (1),0,0,0,0,0,0,0,0,0,0,0,0,0,0,0,0,0,0,0,0,0,51.61,96.67,100,100,96.43,87.1,90,96.77,100,100,100,100,100,100,100,100,100,100,100,100,100,100,100,100,100,100,100
Bupati Kabupaten Administrasi Kepulauan Seribu,0,0,0,0,0,0,0,0,0,0,0,0,0,0,0,0,0,0,0,0,0,0,0,0,0,0,0,0,0,76.67,100,100,100,100,90,100,100,100,100,100,100,100,100,100,30,54.84,100,35.48
Call Center pusdalpos BPBD Kota Denpasar,0,0,0,0,0,0,0,0,0,0,0,0,0,0,0,0,0,0,0,0,0,0,0,0,0,0,9.68,0,48.39,100,100,100,100,100,100,100,100,100,100,83.33,100,100,100,100,100,100,100,96.77
Desa Mulya Sejati,61.29,100,100,100,96.77,100,93.55,32.26,0,0,0,0,0,0,0,0,29.03,70,87.1,100,6.67,51.61,96.67,100,96.77,100,100,100,87.1,100,100,100,100,100,100,67.74,100,75.86,87.1,100,100,100,100,100,100,100,100,96.77
Desa Wanasari,0,3.57,25.81,6.67,3.23,0,0,87.1,96.67,90.32,100,96.77,67.74,100,100,93.33,100,96.67,100,100,6.67,51.61,96.67,96.77,96.77,100,100,100,100,100,100,100,100,100,100,100,100,6.9,0,0,0,0,74.19,100,100,3.23,0,0
Dinas Kebakaran & PB Kota Bandung,0,0,0,0,0,0,0,0,0,0,0,0,0,0,0,0,0,0,0,0,0,0,0,29.03,100,100,100,100,100,100,100,100,100,100,100,100,100,100,100,100,100,100,100,100,100,100,100,96.77
Dinas Pariwisata Kota Manado,0,0,0,0,0,0,0,0,0,0,0,0,0,0,0,0,0,0,0,0,0,0,0,0,0,0,0,0,0,0,0,0,0,61.29,100,100,100,75.86,93.55,100,100,100,100,100,93.33,100,100,100
Dinas Perhubungan (DLLAJR),0,0,0,0,0,0,0,0,0,0,0,0,0,0,0,0,0,0,0,0,0,0,0,58.06,100,100,100,100,96.77,90,100,100,100,100,90,100,100,100,100,100,100,100,100,100,100,100,100,96.77
Diskomminfo Yogyakarta,0,0,0,0,0,0,0,0,0,0,0,0,0,0,0,0,0,0,0,0,0,0,0,29.03,100,100,100,100,100,100,100,100,100,100,100,100,100,100,100,100,100,100,100,100,100,100,100,100
DPRD Kota Mataram,0,0,0,0,0,0,0,0,0,0,0,0,0,0,0,0,0,0,0,0,0,51.61,86.67,100,51.61,0,74.19,100,96.77,100,100,100,100,100,100,100,100,100,100,100,74.19,90,100,100,100,100,100,100
Dyatmika School,0,0,0,0,0,0,0,0,0,0,0,0,0,0,0,0,0,0,0,0,0,0,0,0,0,0,12.9,0,48.39,100,100,100,100,100,100,100,100,100,100,100,96.77,100,100,100,100,100,100,96.77
FarmHouse Lembang,0,0,0,0,0,0,0,0,0,0,0,0,0,0,0,0,0,0,0,0,0,0,0,29.03,100,100,48.39,83.33,100,100,100,100,100,100,100,100,100,100,77.42,86.67,100,100,100,100,100,100,100,96.77
FMIPA Universitas Bengkulu,0,0,38.71,0,0,13.33,0,0,10,9.68,66.67,83.87,100,100,100,100,100,70,0,0,10,67.74,96.67,100,100,100,100,100,100,100,100,100,100,100,100,100,100,100,100,90,6.45,63.33,29.03,3.23,86.67,64.52,30,80.65
Gedung Balai Kota,0,0,0,0,0,0,0,0,0,0,0,0,0,0,0,0,0,0,0,3.23,100,61.29,93.33,100,100,100,100,96.67,93.55,100,100,100,100,100,90,100,100,100,100,100,100,100,100,100,100,100,100,96.77
Gedung Radar Cuaca Kupang,0,0,0,0,0,0,0,0,0,0,0,0,0,0,0,0,0,0,0,0,0,0,0,0,0,0,0,0,0,0,0,0,0,0,0,0,0,0,0,0,0,0,0,0,0,0,0,22.58
Inna Grand Bali Beach Hotel,0,0,0,0,0,0,0,0,0,0,0,0,0,0,0,0,0,0,0,0,0,0,0,0,0,0,0,0,0,0,0,0,0,0,0,0,0,0,0,100,96.77,86.67,100,100,100,100,100,96.77
Institut Teknologi Bandung,0,0,0,0,0,0,0,0,0,0,0,0,0,0,0,0,0,0,0,0,0,0,0,29.03,100,100,100,100,100,100,100,100,100,100,100,100,100,100,100,100,100,100,100,100,93.33,100,100,96.77
Istana Gedung Agung Yogyakarta,0,0,0,0,0,0,0,0,0,0,0,0,0,0,0,0,0,0,0,0,0,0,0,29.03,100,100,100,100,100,100,100,100,100,100,100,100,100,100,100,100,100,100,100,100,100,100,100,100
ITDC NusaDua,61.29,100,100,96.67,83.87,100,100,100,96.67,100,100,100,96.77,100,100,100,100,100,100,100,96.67,51.61,26.67,35.48,19.35,64.29,87.1,96.67,100,100,100,87.1,90,100,100,100,100,100,100,100,100,100,100,100,100,100,100,96.77
Kantor ASDP Kupang,0,0,0,0,0,0,0,0,0,0,0,0,0,0,0,0,0,0,0,0,0,0,0,0,0,0,0,0,0,0,0,0,0,0,0,0,0,0,0,0,0,0,0,0,0,0,0,0
Kantor Balai Kota Jakarta (Gubernur),0,0,0,0,0,0,0,0,0,0,0,0,0,0,0,0,0,0,0,0,0,0,6.67,100,100,100,93.55,100,96.77,100,100,100,96.67,100,90,100,90.32,13.79,0,0,48.39,100,100,100,70,51.61,100,96.77
Kantor BPBD Jakarta,0,0,0,0,0,0,0,0,0,0,0,0,0,0,0,0,0,0,0,0,0,51.61,93.33,100,100,100,96.77,86.67,100,100,100,100,100,100,90,100,100,100,100,100,100,100,100,100,100,100,100,96.77
Kantor BPBD Kab. Tangerang,61.29,100,100,100,96.77,100,93.55,100,96.67,90.32,100,96.77,67.74,100,100,93.33,67.74,73.33,100,100,6.67,51.61,96.67,100,96.77,100,100,100,100,100,100,100,100,100,100,100,100,100,100,100,100,100,100,100,100,100,100,100
Kantor BPBD Kab.Purwakarta,61.29,100,96.77,0,25.81,6.67,61.29,100,96.67,90.32,100,96.77,48.39,42.86,100,96.67,100,96.67,90.32,100,6.67,51.61,96.67,100,83.87,82.14,100,100,100,100,100,100,100,100,100,100,100,100,100,100,100,100,100,100,100,100,100,100
Kantor BPBD Klungkung,0,0,0,0,0,0,0,0,23.33,100,100,100,96.77,100,100,100,100,100,100,100,100,51.61,26.67,35.48,29.03,60.71,87.1,100,100,100,100,93.55,93.33,100,100,100,100,93.1,77.42,100,100,93.33,100,100,100,100,100,96.77
Kantor BPBD Kota Bogor,0,0,0,0,0,0,0,0,0,0,0,0,0,0,0,0,0,0,0,3.23,100,100,90,100,80.65,82.14,96.77,90,93.55,100,100,100,100,100,70,100,100,100,100,100,96.77,100,100,41.94,86.67,100,100,96.77
Kantor BPBD Padang,0,0,0,0,0,0,0,0,0,0,0,0,0,0,0,0,0,0,0,0,0,0,0,12.9,9.68,0,67.74,63.33,70.97,0,77.42,58.06,0,0,93.33,25.81,0,0,0,0,0,0,0,0,0,0,100,100
Kantor BPBD Sigi,61.29,96.43,100,100,93.55,43.33,93.55,100,100,100,100,74.19,100,100,100,100,100,93.33,87.1,74.19,100,54.84,96.67,100,100,100,100,96.67,100,100,100,100,100,67.74,10,0,0,0,3.23,0,0,43.33,100,100,100,100,70,96.77
Kantor Bupati Subang,61.29,100,100,100,96.77,66.67,93.55,48.39,96.67,90.32,100,96.77,67.74,100,100,93.33,100,96.67,100,100,6.67,51.61,96.67,100,96.77,100,100,100,100,100,100,100,100,100,100,93.55,90.32,100,96.77,100,100,100,100,100,100,100,100,100
Kantor Camat Banjar,61.29,100,100,96.67,100,100,100,100,93.33,100,100,100,96.77,100,100,100,100,100,100,100,100,100,26.67,35.48,29.03,64.29,87.1,96.67,100,100,100,100,100,100,100,100,100,100,100,100,100,100,100,100,100,100,86.67,96.77
Kantor Camat Bungus Teluk Kabung,0,0,0,0,0,0,0,0,0,0,0,0,0,0,0,0,0,0,0,0,0,0,0,29.03,100,100,100,100,100,100,100,100,100,100,100,100,100,100,100,100,100,100,93.55,100,100,100,100,100
Kantor Camat Denpasar Selatan,0,0,0,0,0,0,0,0,0,0,0,0,0,0,0,0,0,0,0,0,0,0,0,0,0,0,12.9,0,48.39,100,100,100,93.33,100,100,100,100,100,100,100,100,100,100,100,100,100,100,96.77
Kantor Camat Dolo,61.29,100,100,100,93.55,100,100,100,100,100,100,6.45,0,0,0,0,0,0,3.23,29.03,100,64.52,96.67,100,100,100,100,100,100,100,100,100,100,100,96.67,96.77,100,100,93.55,100,100,100,100,100,100,100,100,6.45
Kantor Camat Genuk,0,0,0,0,0,0,0,0,0,0,0,0,0,0,0,0,0,0,0,0,0,38.71,13.33,0,0,0,0,0,0,0,0,0,0,0,0,0,100,100,54.84,100,100,100,100,100,100,96.77,100,100
Kantor Camat Gunung Pati,0,0,0,0,0,0,0,0,0,0,0,0,0,0,0,0,0,0,0,0,0,38.71,86.67,0,0,0,0,50,96.77,100,100,100,100,100,100,100,100,100,100,100,100,100,100,100,100,93.55,100,100
Kantor Camat Kampung Melayu - Bengkulu,0,0,0,0,0,0,0,0,0,0,0,0,0,0,0,0,0,0,0,0,0,0,0,0,0,0,0,0,0,0,0,0,0,51.61,100,100,100,100,100,60,100,100,100,100,100,100,100,96.77
Kantor Camat Koto Tangah,0,0,0,0,0,0,0,0,0,0,0,0,0,0,0,0,0,0,0,0,0,0,0,29.03,100,100,100,100,100,100,100,100,100,100,100,100,100,100,100,100,100,100,100,100,100,100,100,100
Kantor Camat Kuranji,0,0,0,0,0,0,0,0,0,0,0,0,0,0,0,0,0,0,0,0,0,0,0,29.03,100,100,77.42,20,100,46.67,0,16.13,0,0,30,87.1,100,100,100,100,100,100,100,67.74,100,100,100,100
Kantor Camat Kuta Selatan,61.29,100,100,96.67,77.42,100,100,96.77,10,0,0,96.77,96.77,100,100,100,100,63.33,45.16,96.77,100,51.61,26.67,35.48,16.13,57.14,83.87,100,100,100,100,96.77,90,100,100,100,100,100,96.77,100,100,100,100,100,100,100,93.33,93.55
Kantor Camat Lubuk Bagalung,0,0,0,0,0,0,0,0,0,0,0,0,0,0,0,0,0,0,0,0,0,0,0,29.03,100,100,100,100,100,100,100,100,100,100,100,100,100,100,100,100,100,100,100,100,100,100,100,100
Kantor Camat Lubuk Kilangan,0,0,0,0,0,0,0,0,0,0,0,0,0,0,0,0,0,0,0,0,0,0,0,29.03,100,100,100,100,100,100,51.61,90.32,100,100,100,100,100,100,100,100,100,100,100,100,100,100,100,100
Kantor Camat Marga,61.29,100,100,96.67,100,100,100,100,96.67,100,100,100,96.77,100,100,100,100,100,58.06,74.19,100,51.61,30,35.48,29.03,57.14,58.06,100,100,100,100,100,90,100,100,67.74,100,100,93.55,100,100,100,100,100,100,100,100,100
Kantor Camat Mendoyo,3.23,0,0,0,0,0,29.03,9.68,23.33,90.32,100,87.1,96.77,100,100,100,100,100,100,100,96.67,51.61,26.67,25.81,29.03,64.29,87.1,100,100,100,100,96.77,100,100,96.67,87.1,100,100,70.97,100,100,100,100,100,100,100,100,96.77
Kantor Camat Mustika Jaya,0,0,0,0,0,0,0,0,0,0,0,0,0,0,0,0,0,0,0,0,30,100,96.67,93.55,100,60.71,96.77,93.33,100,100,100,100,100,100,100,100,100,100,90.32,50,100,100,100,3.23,0,58.06,100,96.77
Kantor Camat Nanggalo,0,0,0,0,0,0,0,0,0,0,0,0,0,0,0,0,0,0,0,0,0,0,0,29.03,100,100,100,100,100,100,100,100,100,100,100,100,100,100,100,100,100,100,100,100,100,100,100,100
Kantor Camat Padang Selatan,0,0,0,0,0,0,0,0,0,0,0,0,0,0,0,0,0,0,0,0,0,0,0,29.03,100,100,100,100,100,100,100,100,100,100,100,100,100,100,100,100,100,100,100,74.19,0,90.32,100,100
Kantor Camat Padang Timur,0,0,0,0,0,0,0,0,0,0,0,0,0,0,0,0,0,0,0,0,0,0,0,29.03,100,100,100,100,100,100,100,100,100,100,100,100,100,100,100,100,100,100,100,100,100,100,100,100
Kantor Camat Padang Utara,0,0,0,0,0,0,0,0,0,0,0,0,0,0,0,0,0,0,0,0,0,0,0,29.03,100,100,100,100,9.68,0,0,22.58,0,83.87,96.67,9.68,0,0,3.23,0,0,0,19.35,100,100,100,100,100
Kantor Camat Pauh,0,0,0,0,0,0,0,0,0,0,0,0,0,0,0,0,0,0,0,0,0,0,0,29.03,100,100,100,100,100,100,100,100,100,100,100,100,93.55,0,0,0,0,0,16.13,100,100,100,100,100
Kantor Camat Sungai Serut Kota,0,0,0,0,0,0,0,0,0,0,0,0,0,0,0,0,0,0,0,0,0,0,0,0,0,0,0,0,0,0,0,0,0,25.81,100,100,100,100,100,100,100,100,100,100,100,100,100,96.77
Kantor Camat Tugu,0,0,0,0,0,0,0,0,0,0,0,0,0,0,0,0,0,0,0,0,0,41.94,93.33,100,100,100,93.55,96.67,96.77,100,100,100,100,100,100,100,100,100,100,100,100,100,100,100,100,100,100,100
Kantor Desa Bangli,61.29,100,41.94,0,0,0,0,0,0,0,0,0,64.52,100,100,100,100,56.67,25.81,100,100,51.61,30,35.48,19.35,57.14,58.06,96.67,100,90,93.55,90.32,90,74.19,80,100,100,100,77.42,100,100,100,100,100,96.67,100,100,83.87
Kantor Desa Bunisari,16.13,0,0,3.33,3.23,10,0,0,0,0,0,0,0,0,0,0,0,0,0,0,0,51.61,96.67,48.39,16.13,3.57,93.55,43.33,67.74,36.67,100,80.65,53.33,100,60,100,100,96.55,0,40,100,100,100,100,36.67,3.23,100,96.77
Kantor Desa Ciherang,61.29,100,100,100,96.77,100,93.55,100,53.33,35.48,0,0,0,0,0,0,0,0,0,0,6.67,51.61,96.67,93.55,70.97,89.29,96.77,100,100,100,100,100,100,100,100,100,100,86.21,54.84,80,87.1,100,67.74,87.1,63.33,100,100,83.87
Kantor Desa Ciwaru,45.16,100,100,100,96.77,100,93.55,100,96.67,90.32,100,96.77,35.48,0,0,10,0,0,87.1,100,6.67,51.61,96.67,100,96.77,100,100,96.67,100,100,100,100,100,100,100,100,100,100,100,100,100,100,100,100,100,54.84,0,0
Kantor Desa Gunungbatu,61.29,100,100,100,96.77,100,93.55,100,96.67,90.32,100,96.77,67.74,100,90.32,93.33,100,3.33,0,0,0,16.13,96.67,100,96.77,50,96.77,100,100,100,100,100,100,100,100,100,100,100,100,100,100,100,100,100,100,93.55,0,0
Kantor Desa Gunungkendeng,29.03,7.14,0,60,83.87,90,70.97,9.68,10,67.74,76.67,96.77,45.16,71.43,96.77,93.33,70.97,96.67,100,100,6.67,51.61,96.67,100,96.77,100,100,93.33,100,96.67,93.55,96.77,80,100,96.67,87.1,70.97,89.66,100,100,100,100,100,100,100,100,100,96.77
Kantor Desa Kertajaya,0,0,0,3.33,0,60,93.55,93.55,96.67,90.32,100,96.77,22.58,75,96.77,66.67,19.35,93.33,100,87.1,0,48.39,96.67,100,96.77,100,100,100,100,100,100,51.61,30,61.29,100,100,100,100,96.77,100,100,100,100,100,100,100,100,87.1
Kantor Desa Ketewel,61.29,89.29,90.32,96.67,96.77,100,100,100,96.67,100,100,100,96.77,100,96.77,100,100,56.67,0,0,80,51.61,26.67,35.48,3.23,60.71,87.1,100,100,100,96.77,100,100,100,100,100,100,96.55,90.32,100,96.77,93.33,100,96.77,100,100,96.67,96.77
Kantor Desa Kumpay,22.58,46.43,16.13,36.67,70.97,70,90.32,67.74,96.67,90.32,73.33,77.42,32.26,14.29,0,0,3.23,20,83.87,100,6.67,51.61,96.67,100,96.77,100,80.65,93.33,90.32,0,80.65,100,100,100,96.67,87.1,70.97,100,100,100,100,100,100,100,100,100,100,96.77
Kantor Desa Kurungkambing,51.61,100,96.77,56.67,9.68,13.33,6.45,0,0,0,10,0,0,0,6.45,6.67,3.23,0,90.32,100,6.67,51.61,70,87.1,0,17.86,96.77,70,100,100,93.55,77.42,60,100,80,90.32,100,86.21,100,100,100,100,100,100,100,96.77,100,64.52
Kantor Desa Majasari,61.29,100,100,100,96.77,100,93.55,100,96.67,90.32,100,96.77,67.74,67.86,93.55,56.67,45.16,96.67,87.1,100,6.67,51.61,96.67,100,96.77,100,100,100,100,100,100,100,100,100,100,100,100,100,100,100,100,100,87.1,100,100,100,100,96.77
Kantor Desa Muara,0,0,0,66.67,96.77,100,93.55,100,96.67,90.32,100,96.77,70.97,100,100,93.33,100,96.67,100,100,6.67,51.61,96.67,100,96.77,100,100,100,100,100,100,96.77,20,100,100,100,100,100,100,100,100,100,100,100,100,100,100,96.77
Kantor Desa Musi,61.29,89.29,93.55,76.67,83.87,100,100,100,73.33,100,96.67,93.55,96.77,100,96.77,100,100,100,80.65,100,100,35.48,0,0,0,0,77.42,100,100,100,100,90.32,100,100,23.33,54.84,93.55,100,87.1,100,100,100,100,96.77,93.33,100,100,80.65
Kantor Desa Naringgul,0,0,0,0,0,0,0,0,0,0,0,0,0,0,0,0,0,0,0,0,0,51.61,96.67,96.77,96.77,100,100,100,51.61,3.33,45.16,100,40,0,63.33,100,74.19,100,96.77,100,96.77,100,100,100,100,100,100,96.77
Kantor Desa Padaherang,61.29,100,100,100,96.77,100,93.55,100,90,90.32,100,96.77,70.97,100,100,96.67,100,96.67,100,100,6.67,51.61,96.67,100,96.77,100,100,100,100,100,100,100,100,25.81,96.67,100,100,100,100,100,93.55,100,96.77,100,100,100,100,96.77
Kantor Desa Pambulan,3.23,25,3.23,73.33,96.77,100,93.55,100,96.67,70.97,36.67,93.55,0,0,0,0,0,0,87.1,100,6.67,51.61,96.67,100,96.77,100,93.55,100,100,100,100,100,100,100,93.33,90.32,100,100,83.87,93.33,100,100,100,100,100,100,100,96.77
Kantor Desa Pejarakan,61.29,92.86,61.29,96.67,100,100,100,100,16.67,100,100,100,96.77,100,96.77,100,100,86.67,100,100,100,100,26.67,35.48,29.03,64.29,87.1,100,100,100,100,100,100,100,100,96.77,100,89.66,83.87,100,100,100,100,96.77,100,100,96.67,48.39
Kantor Desa Pemuteran,61.29,92.86,100,96.67,77.42,100,100,100,86.67,100,100,90.32,96.77,100,100,100,100,100,100,100,100,100,26.67,35.48,29.03,64.29,87.1,100,100,100,100,93.55,90,100,96.67,54.84,100,100,100,100,100,100,100,100,90,100,100,96.77
Kantor Desa Purwakerthi,61.29,100,100,26.67,0,0,0,19.35,96.67,100,100,100,96.77,100,96.77,100,93.55,100,61.29,0,0,51.61,26.67,35.48,29.03,60.71,87.1,96.67,96.77,100,96.77,100,93.33,100,100,100,87.1,86.21,80.65,66.67,100,96.67,100,100,100,100,90,90.32
Kantor Desa Rambay,0,0,0,0,0,0,0,0,0,0,0,0,0,0,0,0,0,0,0,0,0,51.61,96.67,96.77,96.77,100,100,90,100,100,100,100,100,100,100,83.87,0,10.34,35.48,100,77.42,60,96.77,87.1,76.67,77.42,30,22.58
Kantor Desa Sebatu,58.06,14.29,0,0,0,0,0,0,0,0,0,0,0,0,0,0,0,0,0,0,23.33,0,0,0,0,0,61.29,100,100,100,100,93.55,100,100,100,100,100,86.21,93.55,100,100,100,100,100,100,100,40,58.06
Kantor Desa Sinduwati,0,3.57,0,0,0,0,0,0,0,0,0,0,0,0,0,0,0,0,0,0,0,41.94,16.67,16.13,22.58,32.14,67.74,100,90.32,100,100,100,86.67,100,96.67,54.84,61.29,100,100,86.67,100,100,100,100,100,100,70,58.06
Kantor Desa Sudamanik,25.81,0,0,73.33,96.77,100,93.55,100,96.67,90.32,100,96.77,70.97,100,58.06,60,0,36.67,80.65,80.65,6.67,51.61,86.67,100,96.77,100,100,100,100,100,100,100,100,100,96.67,100,96.77,100,100,100,100,90,100,100,100,100,100,96.77
Kantor Desa Sukarame,61.29,96.43,56.45,95,95.16,100,93.55,100,95,72.58,50,48.385,35.485,50,50,48.335,50,48.335,88.71,100,6.67,51.61,96.67,80.645,48.385,60.715,85.485,100,98.385,93.335,100,100,98.335,100,96.665,93.55,95.16,96.55,100,98.335,100,100,88.71,93.55,100,100,90,96.775
Kantor Desa Sukawaris,0,25,0,40,96.77,100,93.55,100,96.67,58.06,100,96.77,70.97,100,100,93.33,100,96.67,100,100,6.67,48.39,70,77.42,90.32,96.43,100,100,51.61,0,67.74,100,100,100,100,100,100,100,90.32,100,100,100,100,100,100,100,100,100
Kantor Desa SumberKlampok,61.29,100,96.77,96.67,100,100,100,100,93.33,100,100,100,32.26,0,0,0,0,0,0,0,30,100,26.67,35.48,29.03,64.29,87.1,100,100,100,100,100,100,100,100,100,100,100,100,100,100,100,100,100,100,100,100,96.77
Kantor Desa Tegal Kertha,0,0,0,0,0,0,0,0,0,0,0,0,0,0,0,0,0,0,0,0,0,0,0,0,0,0,12.9,0,48.39,100,100,100,100,100,100,100,100,100,100,100,100,100,100,100,100,100,100,96.77
Kantor Desa Tua,61.29,100,45.16,0,0,0,29.03,100,60,0,23.33,96.77,96.77,100,96.77,100,100,100,100,100,100,51.61,30,35.48,19.35,57.14,54.84,96.67,100,90,100,96.77,93.33,100,100,100,61.29,100,93.55,100,100,100,100,100,100,100,100,100
Kantor Desa Tukat Sumaga,0,0,0,0,0,0,100,100,63.33,100,100,90.32,96.77,100,96.77,100,100,100,100,100,100,100,26.67,35.48,29.03,64.29,87.1,100,100,100,100,90.32,100,100,96.67,80.65,93.55,100,100,100,100,100,100,100,100,100,100,96.77
Kantor Desa Tunggaljaya,61.29,100,80.65,70,96.77,100,93.55,100,96.67,90.32,100,96.77,67.74,100,96.77,93.33,100,96.67,100,100,6.67,51.61,96.67,100,96.77,100,83.87,90,100,86.67,67.74,70.97,100,96.77,90,90.32,87.1,100,96.77,100,100,100,93.55,100,100,100,100,100
Kantor Desa Wanagiri,61.29,100,93.55,96.67,100,100,100,100,96.67,100,100,100,96.77,100,96.77,100,100,93.33,100,100,100,96.77,26.67,22.58,25.81,64.29,80.65,96.67,93.55,100,100,90.32,90,100,96.67,77.42,100,100,90.32,100,100,100,100,100,100,100,100,96.77
Kantor Dinas Sosial Kota Padang,0,0,0,0,0,0,0,0,0,0,0,0,0,0,0,0,0,0,0,0,0,0,0,29.03,100,100,100,100,100,100,100,100,100,100,100,100,70.97,0,0,6.67,100,10,19.35,100,36.67,90.32,100,100
Kantor DISDALDUK KB Semarang,0,0,0,0,0,0,0,0,0,0,0,0,0,0,0,0,0,0,0,0,0,38.71,90,100,100,100,80.65,93.33,96.77,100,100,100,100,100,100,100,100,100,100,100,100,100,100,100,100,100,100,100
Kantor Dishub Pemkot Surabaya,0,0,0,0,0,0,0,0,0,0,0,0,0,0,0,0,0,0,0,0,0,51.61,86.67,100,100,96.43,90.32,93.33,100,100,100,100,40,74.19,100,100,100,100,100,100,100,100,100,90.32,100,100,100,100
Kantor Gubernur Yogyakarta,0,0,0,0,0,0,0,0,0,0,0,0,0,0,0,0,0,0,0,0,0,0,0,29.03,100,100,100,100,100,100,100,100,100,100,100,100,100,100,100,100,100,100,100,100,100,100,100,100
Kantor Kecamat Candisari,0,0,0,0,0,0,0,0,0,0,0,0,0,0,0,0,0,0,0,0,0,38.71,86.67,100,100,96.43,93.55,96.67,100,100,100,100,100,100,100,100,100,100,100,100,100,100,100,100,100,100,100,96.77
Kantor Kecamatan Agrabinta,61.29,100,100,20,0,0,0,0,0,3.23,13.33,0,0,0,0,0,0,3.33,0,0,0,51.61,96.67,100,96.77,100,100,100,100,100,100,35.48,0,0,0,0,0,0,0,0,54.84,63.33,0,77.42,100,100,100,96.77
Kantor Kecamatan Balongsari,0,0,0,0,0,0,0,0,0,0,0,0,0,0,0,0,0,0,0,0,0,0,0,29.03,100,100,96.77,100,96.77,100,93.55,96.77,100,100,100,100,100,100,100,100,100,100,100,100,100,100,100,100
Kantor Kecamatan Bekasi Barat,0,0,0,0,0,0,0,0,0,0,0,0,0,0,0,0,0,0,0,0,33.33,100,96.67,64.52,90.32,50,93.55,100,100,100,100,100,100,100,20,87.1,100,17.24,0,0,0,0,0,0,0,100,100,96.77
Kantor Kecamatan Bekasi Utara,0,0,0,0,0,0,0,0,0,0,0,0,0,0,0,0,0,0,0,0,30,9.68,0,35.48,100,100,96.77,20,93.55,100,77.42,100,56.67,100,100,100,100,55.17,100,100,100,100,100,48.39,0,58.06,100,41.94
Kantor Kecamatan Blanakan,0,0,0,0,0,0,0,90.32,96.67,90.32,100,96.77,67.74,100,100,93.33,100,96.67,100,100,6.67,51.61,96.67,54.84,0,0,0,0,0,0,0,0,0,0,30,100,100,100,100,100,100,100,100,87.1,100,100,100,100
Kantor Kecamatan Bogor Selatan,0,0,0,0,0,0,0,0,0,0,0,0,0,0,0,0,0,0,0,0,0,0,0,58.06,100,100,67.74,80,80.65,83.33,58.06,100,100,100,26.67,80.65,100,100,100,100,100,100,100,100,100,100,100,96.77
Kantor Kecamatan Bogor Tengah,0,0,0,0,0,0,0,0,0,0,0,0,0,0,0,0,0,0,0,3.23,100,100,93.33,100,100,100,96.77,96.67,100,100,100,41.94,0,64.52,90,100,87.1,58.62,16.13,73.33,83.87,90,100,74.19,66.67,83.87,100,96.77
Kantor Kecamatan Bojongpicung,61.29,100,100,100,96.77,100,93.55,51.61,0,0,0,0,0,0,0,0,0,73.33,58.06,0,0,51.61,96.67,96.77,90.32,89.29,100,100,100,100,100,100,100,100,100,100,100,82.76,74.19,100,100,100,100,96.77,96.67,9.68,63.33,96.77
Kantor Kecamatan Bojongsari,0,0,0,0,0,0,0,0,0,0,0,0,0,0,0,0,0,0,0,0,0,51.61,93.33,100,100,100,93.55,96.67,93.55,100,100,100,100,100,6.67,90.32,100,100,100,100,100,100,100,16.13,66.67,100,90,90.32
Kantor Kecamatan Bunaken Manado,0,0,0,0,0,0,0,0,0,0,0,0,0,0,0,0,0,0,0,0,0,0,0,0,0,0,0,0,0,0,0,0,0,29.03,66.67,100,90.32,86.21,100,100,100,100,100,100,100,100,100,100
Kantor Kecamatan Busungbiu,61.29,100,45.16,0,0,0,29.03,100,60,0,93.33,100,96.77,100,100,100,96.77,33.33,70.97,64.52,100,74.19,26.67,35.48,25.81,64.29,87.1,96.67,100,100,100,100,100,100,100,100,100,68.97,90.32,100,100,100,100,100,100,100,100,96.77
Kantor Kecamatan Caringin,61.29,100,100,100,96.77,63.33,0,0,0,0,0,6.45,67.74,100,100,93.33,100,96.67,100,100,6.67,51.61,96.67,96.77,96.77,100,100,100,100,100,100,100,100,100,100,100,41.94,0,0,0,51.61,100,100,100,100,100,100,100
Kantor Kecamatan Cariu,61.29,100,100,100,96.77,100,93.55,100,96.67,90.32,100,96.77,70.97,100,100,96.67,100,96.67,100,100,100,100,96.67,100,96.77,100,100,100,100,100,100,100,100,100,100,100,100,100,100,100,100,100,100,100,100,100,100,96.77
Kantor Kecamatan Cibeber,24.195,19.645,20.97,26.665,17.74,21.665,24.195,19.355,16.665,0,0,8.065,9.675,10.715,14.515,18.335,16.13,15,17.74,12.905,1.665,41.935,96.67,61.29,45.16,50,50,50,50,50,50,50,40,72.58,100,100,100,94.83,100,98.335,98.385,96.665,100,100,100,100,78.335,85.48
Kantor Kecamatan Cibinong,56.45,78.57,66.13,100,96.77,100,93.55,100,65,61.29,81.665,96.77,67.74,94.645,80.645,46.665,50,48.335,50,32.26,53.335,75.805,96.67,96.77,96.77,100,100,86.665,100,60,83.87,88.71,100,100,100,100,100,100,91.935,100,100,100,80.645,100,100,100,100,96.77
Kantor Kecamatan Cibitung,0,0,0,0,0,0,0,0,0,0,0,0,0,0,0,0,0,0,0,0,0,51.61,96.67,100,48.39,92.86,100,100,96.77,90,67.74,100,100,100,100,100,100,100,100,73.33,100,100,100,93.55,100,100,100,96.77
Kantor Kecamatan Cidahu,61.29,100,100,100,96.77,100,93.55,100,96.67,90.32,100,96.77,67.74,100,100,93.33,100,96.67,83.87,100,10,51.61,96.67,96.77,96.77,100,100,100,100,100,100,100,100,100,100,100,100,100,100,100,100,100,93.55,100,83.33,100,100,100
Kantor Kecamatan Cidaun,54.84,100,100,100,96.77,100,93.55,100,96.67,90.32,96.67,96.77,70.97,100,100,96.67,87.1,96.67,96.77,96.77,6.67,51.61,96.67,100,96.77,100,100,100,100,100,100,100,100,100,100,100,25.81,100,100,100,100,73.33,96.77,100,100,96.77,100,96.77
Kantor Kecamatan Cigudeg,61.29,100,100,100,74.19,53.33,93.55,100,96.67,90.32,100,96.77,67.74,100,100,93.33,100,96.67,100,100,100,100,76.67,100,90.32,100,100,100,100,100,100,100,100,100,100,100,100,100,100,100,93.55,100,100,100,100,100,100,96.77
Kantor Kecamatan Cihara,0,0,0,0,0,0,0,0,0,0,0,0,0,0,0,0,0,0,0,0,0,0,0,0,0,0,35.48,100,100,100,100,100,100,100,100,100,100,100,100,93.33,100,100,100,100,100,100,100,96.77
Kantor Kecamatan Cijati,61.29,100,100,100,96.77,100,93.55,100,96.67,90.32,100,96.77,70.97,100,100,96.67,100,96.67,100,87.1,6.67,51.61,96.67,96.77,96.77,100,100,100,100,100,100,100,100,100,100,100,100,100,100,100,100,100,100,100,100,100,100,96.77
Kantor Kecamatan Cikalongkulon,61.29,100,83.87,96.67,96.77,10,0,0,0,0,0,0,61.29,100,100,93.33,100,96.67,100,100,6.67,51.61,96.67,100,67.74,10.71,100,100,100,100,100,93.55,0,0,90,100,100,100,93.55,100,100,100,100,100,100,100,100,96.77
Kantor Kecamatan Cilograng,0,0,0,0,0,0,0,0,0,0,0,0,0,0,0,0,0,0,0,0,0,51.61,96.67,96.77,96.77,100,100,100,100,100,100,100,100,100,100,100,100,100,100,100,100,100,100,100,100,100,100,96.77
Kantor Kecamatan Cimenyan,61.29,100,100,100,96.77,100,93.55,100,96.67,90.32,100,96.77,67.74,100,100,93.33,100,96.67,100,100,100,100,96.67,100,96.77,100,100,100,100,100,100,100,100,100,100,16.13,0,27.59,19.35,43.33,100,100,100,100,100,100,100,96.77
Kantor Kecamatan Cinangka,0,0,0,0,0,0,0,0,0,0,0,0,0,0,0,0,0,0,0,0,0,51.61,96.67,100,96.77,100,100,100,100,100,100,100,100,100,100,100,100,100,96.77,76.67,100,100,100,100,100,100,100,100
Kantor Kecamatan Cinere,0,0,0,0,0,0,0,0,0,0,0,0,0,0,0,0,0,0,0,0,0,51.61,93.33,100,100,100,93.55,96.67,96.77,100,100,100,100,100,90,90.32,100,100,100,100,100,100,100,100,100,100,100,96.77
Kantor Kecamatan Cipanas,0,0,0,66.67,96.77,6.67,0,45.16,96.67,90.32,100,96.77,67.74,85.71,70.97,93.33,100,96.67,100,100,6.67,51.61,96.67,100,67.74,0,100,100,100,93.33,100,100,100,100,100,100,100,100,51.61,0,48.39,100,100,100,100,100,100,96.77
Kantor Kecamatan Cipayung,0,0,0,0,0,0,0,0,0,0,0,0,0,0,0,0,0,0,0,0,0,51.61,90,100,100,100,100,90,96.77,100,100,100,100,100,90,100,100,100,100,100,100,100,100,100,100,100,100,96.77
Kantor Kecamatan Cirinten,0,3.57,0,60,96.77,100,93.55,100,96.67,90.32,93.33,96.77,70.97,100,100,93.33,96.77,10,0,29.03,6.67,51.61,96.67,100,96.77,100,100,73.33,0,0,0,0,0,48.39,100,100,100,100,100,100,41.94,20,100,100,100,100,100,93.55
Kantor Kecamatan Ciruas,61.29,100,100,100,96.77,100,93.55,100,96.67,90.32,100,96.77,67.74,100,100,93.33,100,66.67,100,100,6.67,51.61,96.67,96.77,96.77,100,100,100,100,100,93.55,100,100,100,100,100,100,100,96.77,100,100,100,100,100,100,100,100,100
Kantor Kecamatan Cisolok,0,0,0,0,0,0,0,0,0,0,0,0,0,0,0,0,6.45,0,0,41.94,6.67,51.61,96.67,100,96.77,100,100,100,100,100,100,100,100,100,100,100,100,100,100,100,100,100,100,100,100,100,100,100
Kantor Kecamatan Duren Sawit,0,0,0,0,0,0,0,0,0,0,0,0,0,0,0,0,0,0,0,0,0,51.61,90,100,100,100,96.77,93.33,93.55,100,100,100,100,100,90,100,100,100,100,100,100,100,100,100,100,100,100,96.77
Kantor Kecamatan Gunung kaler,61.29,100,100,100,96.77,100,93.55,100,96.67,90.32,100,77.42,67.74,100,100,63.33,0,36.67,100,100,6.67,51.61,96.67,100,96.77,100,100,100,100,100,100,100,100,100,100,100,100,100,100,100,100,100,93.55,100,100,100,100,100
Kantor Kecamatan Jagakarsa,0,0,0,0,0,0,0,0,0,0,0,0,0,0,0,0,0,0,0,0,0,51.61,93.33,100,74.19,21.43,93.55,100,96.77,100,100,100,100,100,90,100,100,100,100,100,100,100,100,100,100,100,100,96.77
Kantor Kecamatan Jalancagak,61.29,100,70.97,0,0,0,0,0,0,0,0,0,0,0,0,0,9.68,96.67,77.42,100,0,51.61,96.67,100,96.77,100,100,100,100,100,90.32,100,100,100,100,100,100,100,100,100,100,100,100,100,100,100,90,87.1
Kantor Kecamatan Jawilan,61.29,100,100,100,96.77,100,93.55,100,96.67,90.32,66.67,96.77,67.74,100,100,96.67,100,96.67,100,100,6.67,48.39,96.67,93.55,77.42,82.14,83.87,76.67,9.68,0,70.97,100,100,100,100,100,100,100,100,100,100,100,100,100,100,100,100,100
Kantor Kecamatan Kemang,45.16,0,0,0,0,0,0,0,66.67,54.84,50,96.77,70.97,100,100,16.67,25.81,30,0,0,53.33,100,96.67,100,96.77,96.43,100,96.67,100,93.33,64.52,51.61,100,100,100,100,100,89.66,100,100,100,100,100,100,100,100,100,96.77
Kantor Kecamatan Kenjeran Surabaya,0,0,0,0,0,0,0,0,0,0,0,0,0,0,0,0,0,0,0,0,0,0,0,0,0,100,100,100,100,100,100,100,100,100,100,67.74,100,100,100,100,77.42,70,74.19,96.77,100,100,100,100
Kantor Kecamatan Kintamani,61.29,100,41.94,6.67,77.42,100,100,100,96.67,100,100,100,96.77,100,100,100,100,100,100,100,100,100,26.67,35.48,29.03,64.29,83.87,100,100,93.33,96.77,100,100,100,100,100,100,100,96.77,100,100,100,100,100,100,96.77,100,96.77
Kantor Kecamatan Klapa Nunggal,45.16,100,9.68,6.67,22.58,70,93.55,100,96.67,90.32,100,96.77,70.97,100,100,96.67,100,96.67,100,100,100,100,96.67,100,96.77,100,100,100,100,100,100,100,100,100,100,100,100,89.66,77.42,36.67,100,100,100,100,100,100,100,96.77
Kantor Kecamatan Kubutambahan,61.29,100,100,86.67,0,0,29.03,100,60,0,23.33,96.77,96.77,100,100,100,100,100,74.19,100,100,100,26.67,35.48,29.03,64.29,83.87,100,100,100,100,100,96.67,100,100,100,100,100,96.77,93.33,100,100,100,100,100,100,100,96.77
Kantor Kecamatan Labuan,0,0,0,0,0,0,0,0,0,0,0,0,0,0,0,0,0,0,0,0,0,51.61,86.67,100,93.55,0,0,0,0,0,80.65,100,100,100,100,100,100,100,100,100,100,100,100,100,100,100,100,100
Kantor Kecamatan Malalayang,0,0,0,0,0,0,0,0,0,0,0,0,0,0,0,0,0,0,0,0,0,0,0,0,0,0,0,0,0,0,0,0,0,61.29,100,100,100,93.1,100,100,100,100,100,100,100,83.87,100,100
Kantor Kecamatan Mancak,61.29,100,100,100,93.55,100,93.55,100,96.67,90.32,93.33,93.55,67.74,89.29,96.77,90,96.77,96.67,100,100,6.67,51.61,96.67,100,96.77,100,100,100,100,100,100,100,100,100,96.67,100,100,100,100,100,100,100,100,100,100,100,96.67,100
Kantor Kecamatan Manggis,61.29,100,100,96.67,61.29,90,100,100,60,80.65,100,100,96.77,100,83.87,100,100,100,58.06,77.42,93.33,51.61,26.67,35.48,29.03,60.71,87.1,100,100,100,100,100,100,100,100,100,100,100,100,100,100,36.67,100,100,100,100,100,96.77
Kantor Kecamatan Mapanget,0,0,0,0,0,0,0,0,0,0,0,0,0,0,0,0,0,0,0,0,0,0,0,0,0,0,0,0,0,0,0,0,0,51.61,100,100,100,100,100,100,100,100,100,100,100,100,100,100
Kantor Kecamatan Melaya,61.29,100,87.1,96.67,100,100,100,100,63.33,100,100,96.77,96.77,85.71,100,100,100,100,58.06,74.19,96.67,51.61,26.67,35.48,29.03,64.29,83.87,100,100,100,100,100,100,100,100,100,100,100,93.55,100,100,100,100,100,100,100,100,96.77
Kantor Kecamatan Pagaden Barat,0,0,0,3.33,0,66.67,93.55,100,96.67,90.32,100,96.77,70.97,100,100,96.67,100,93.33,100,100,6.67,51.61,96.67,100,96.77,100,100,100,100,100,100,22.58,0,19.35,0,0,0,0,0,0,38.71,100,100,100,100,100,100,100
Kantor Kecamatan Panggarangan,0,0,0,0,0,0,0,0,0,0,0,0,0,0,0,0,0,0,0,0,0,51.61,96.67,100,96.77,100,100,100,100,100,100,100,100,100,100,100,100,100,100,100,100,100,100,100,100,100,100,96.77
Kantor Kecamatan Parung Kuda,61.29,100,100,100,96.77,100,93.55,100,96.67,90.32,100,96.77,70.97,100,100,93.33,100,96.67,100,93.55,6.67,51.61,96.67,100,96.77,100,100,100,100,100,100,93.55,63.33,100,100,100,100,100,100,100,100,100,93.55,0,0,0,60,100
Kantor Kecamatan Pasirkuda,9.68,82.14,41.94,36.67,96.77,100,90.32,58.06,0,0,0,0,0,0,0,0,0,0,0,0,6.67,51.61,96.67,100,96.77,100,100,100,100,100,93.55,0,0,0,80,100,35.48,0,0,0,58.06,100,100,100,100,100,100,96.77
Kantor Kecamatan Pekutatan,61.29,100,48.39,0,0,0,29.03,100,83.33,100,33.33,96.77,96.77,100,87.1,100,100,93.33,58.06,0,0,41.94,26.67,35.48,29.03,64.29,87.1,100,100,100,100,96.77,93.33,100,70,54.84,100,82.76,25.81,90,100,83.33,100,100,100,100,100,96.77
Kantor Kecamatan Petir,61.29,100,83.87,100,96.77,100,93.55,100,96.67,90.32,100,96.77,67.74,100,100,93.33,100,43.33,0,0,0,3.23,66.67,96.77,0,17.86,100,100,100,100,100,100,96.67,100,100,100,100,100,100,86.67,0,0,0,0,0,22.58,100,100
Kantor Kecamatan Pondok Gede,0,0,0,0,0,0,0,0,0,0,0,0,0,0,0,0,0,0,0,0,33.33,100,96.67,100,100,100,93.55,96.67,100,100,100,100,100,100,100,100,100,100,100,100,100,100,100,100,100,100,100,96.77
Kantor Kecamatan Pulogadung Jakarta Timur,0,0,0,0,0,0,0,0,0,0,0,0,0,0,0,0,0,0,0,0,0,0,6.67,100,100,100,90.32,90,100,100,100,64.52,0,0,0,0,0,0,0,0,96.77,100,100,100,83.33,58.06,100,96.77
Kantor Kecamatan Rungkut surabaya,0,0,0,0,0,0,0,0,0,0,0,0,0,0,0,0,0,0,0,0,0,51.61,93.33,100,100,100,87.1,96.67,100,100,100,100,100,100,100,100,100,100,100,100,100,100,100,100,100,100,100,100
Kantor Kecamatan Sawahan Surabaya,0,0,0,0,0,0,0,0,0,0,0,0,0,0,0,0,0,0,0,0,0,29.03,0,77.42,100,100,87.1,96.67,93.55,100,100,100,100,96.77,80,100,100,100,100,100,100,100,100,100,100,100,100,100
Kantor Kecamatan Serangpanjang,61.29,96.43,100,100,96.77,100,93.55,100,96.67,90.32,100,96.77,67.74,100,100,93.33,100,80,0,74.19,6.67,51.61,96.67,100,96.77,100,100,100,100,100,100,100,100,100,100,100,100,100,100,100,90.32,100,100,100,100,100,100,100
Kantor Kecamatan Sindangbarang,61.29,100,100,70,96.77,100,93.55,100,96.67,90.32,100,96.77,67.74,100,100,86.67,100,60,16.13,100,6.67,51.61,96.67,100,96.77,100,100,100,100,100,100,93.55,76.67,100,100,100,100,100,100,100,100,100,100,100,100,96.77,100,96.77
Kantor Kecamatan Sukajaya,61.29,60.71,0,0,0,0,0,74.19,96.67,64.52,100,96.77,70.97,100,100,93.33,100,96.67,25.81,96.77,100,100,96.67,100,96.77,100,100,100,100,100,100,100,100,100,100,100,100,93.1,100,100,100,100,93.55,93.55,73.33,100,93.33,96.77
Kantor Kecamatan Sukaraja,0,0,8.065,0,0,16.665,0,9.675,48.335,45.16,63.335,51.61,30.645,50,46.77,40,58.065,96.67,96.775,100,53.335,45.16,73.335,43.545,50,21.43,77.415,60,64.515,95,87.1,46.775,46.67,37.095,93.335,87.095,93.55,100,100,100,100,86.665,100,100,100,100,100,98.385
Kantor Kecamatan Sukaresmi,0,0,0,0,0,0,0,0,0,0,0,0,0,0,0,0,0,0,0,0,0,51.61,96.67,96.77,96.77,100,100,100,100,100,100,100,100,100,100,100,100,100,100,100,100,100,100,100,100,100,100,96.77
Kantor Kecamatan Takokak,61.29,100,100,100,96.77,100,93.55,100,96.67,77.42,100,96.77,67.74,100,100,93.33,100,96.67,100,96.77,6.67,51.61,96.67,100,96.77,100,100,100,38.71,83.33,100,100,100,100,33.33,38.71,100,100,96.77,100,100,100,74.19,0,0,0,56.67,96.77
Kantor Kecamatan Tambora,0,0,0,0,0,0,0,0,0,0,0,0,0,0,0,0,0,0,0,0,0,51.61,96.67,100,100,100,96.77,96.67,100,100,100,100,100,100,90,100,100,100,100,100,100,100,100,100,100,100,100,96.77
Kantor Kecamatan Tanjung Sari,41.94,25,100,100,96.77,86.67,12.9,100,93.33,90.32,100,96.77,54.84,67.86,100,6.67,0,73.33,74.19,22.58,70,100,96.67,96.77,83.87,71.43,93.55,100,100,93.33,100,100,100,90.32,100,90.32,100,100,100,76.67,100,80,100,100,100,96.77,63.33,96.77
Kantor Kecamatan Tapos,0,0,0,0,0,0,0,0,0,0,0,0,0,0,0,0,0,0,0,0,0,51.61,96.67,100,100,100,22.58,80,96.77,100,100,100,100,100,90,100,100,100,100,100,100,100,100,100,100,100,70,0
Kantor Kecamatan Tejakula,61.29,100,41.94,0,0,0,29.03,100,63.33,100,100,100,96.77,100,100,53.33,64.52,90,80.65,96.77,100,100,26.67,35.48,29.03,64.29,87.1,100,100,100,96.77,100,100,100,100,100,100,100,96.77,100,100,100,96.77,100,100,100,100,96.77
Kantor Kecamatan Tembalang,0,0,0,0,0,0,0,0,0,0,0,0,0,0,0,0,0,0,0,0,0,38.71,90,100,100,100,90.32,93.33,96.77,100,100,100,100,100,100,100,96.77,100,100,100,100,100,100,100,100,100,100,100
Kantor Kecamatan Tenjo,61.29,100,100,100,96.77,100,93.55,100,96.67,90.32,100,96.77,70.97,100,100,86.67,100,63.33,0,0,10,51.61,90,100,96.77,100,100,80,80.65,83.33,93.55,90.32,90,100,93.33,96.77,96.77,100,96.77,93.33,100,100,100,96.77,100,100,83.33,96.77
Kantor Kecamatan Tenjolaya,61.29,39.29,0,0,0,0,0,67.74,76.67,77.42,66.67,96.77,70.97,100,100,96.67,100,96.67,100,100,96.67,100,90,96.77,96.77,100,100,100,100,100,100,100,100,100,100,100,100,100,100,100,100,100,100,100,100,100,93.33,96.77
Kantor Kecamatan Tuminting,0,0,0,0,0,0,0,0,0,0,0,0,0,0,0,0,0,0,0,0,0,0,0,0,0,0,0,0,0,0,0,0,0,61.29,100,100,100,100,100,100,100,100,100,100,100,100,100,100
Kantor Kecamatan Wanasalam,0,0,0,0,0,0,0,0,0,0,0,0,0,0,0,0,0,0,0,0,0,51.61,96.67,96.77,96.77,100,100,100,93.55,100,100,100,100,100,100,100,100,100,100,100,100,100,100,100,100,100,100,96.77
Kantor Kecamatan Wanea Manado,0,0,0,0,0,0,0,0,0,0,0,0,0,0,0,0,0,0,0,0,0,0,0,0,0,0,0,0,0,0,0,0,0,61.29,100,100,100,100,100,100,100,100,100,100,100,100,100,93.55
Kantor Kecamatan Warunggunung,61.29,100,100,100,96.77,100,93.55,100,96.67,90.32,100,96.77,70.97,100,100,96.67,100,96.67,100,100,6.67,51.61,96.67,100,96.77,100,100,100,100,100,100,100,100,100,100,100,100,100,100,100,100,100,100,100,100,100,100,96.77
Kantor Kelurahan Bendungan Hilir,0,0,0,0,0,0,0,0,0,0,0,0,0,0,0,0,0,0,0,0,0,51.61,96.67,100,100,100,100,96.67,100,100,100,96.77,63.33,100,90,100,100,100,100,23.33,3.23,0,90.32,100,100,100,100,96.77
Kantor Kelurahan Bintaro,0,0,0,0,0,0,0,0,0,0,0,0,0,0,0,0,0,0,0,0,0,51.61,93.33,100,100,100,35.48,90,100,100,100,100,100,100,90,100,100,100,100,100,100,100,100,100,100,100,100,96.77
Kantor Kelurahan Birobuli Utara,0,0,0,0,0,0,0,0,0,0,0,0,0,0,0,0,0,0,0,0,0,0,0,0,0,0,0,0,0,0,0,0,0,0,0,0,0,0,0,0,0,0,0,0,0,0,0,0
Kantor Kelurahan Buluri,0,0,0,0,0,0,0,0,0,0,0,0,0,0,0,0,0,0,0,0,0,0,0,0,0,0,0,0,0,0,0,0,0,0,0,0,0,0,0,0,0,0,6.45,100,100,100,100,100
Kantor Kelurahan Ceger Jakarta Timur,0,0,0,0,0,0,0,0,0,0,0,0,0,0,0,0,0,0,0,0,0,51.61,53.33,100,100,100,93.55,93.33,100,100,100,100,100,100,90,100,87.1,100,100,100,100,100,100,100,100,100,100,96.77
Kantor Kelurahan Cempaka Putih Barat,0,0,0,0,0,0,0,0,0,0,0,0,0,0,0,0,0,0,0,0,0,51.61,93.33,100,100,100,96.77,93.33,100,100,100,100,100,100,90,100,100,100,100,100,100,100,100,100,100,100,100,96.77
Kantor Kelurahan Cipete Utara,0,0,0,0,0,0,0,0,0,0,0,0,0,0,0,0,0,0,0,0,0,0,3.33,100,100,35.71,96.77,96.67,100,100,100,100,100,100,90,100,100,100,100,100,100,100,100,100,100,100,100,96.77
Kantor Kelurahan Clincing,0,0,0,0,0,0,0,0,0,0,0,0,0,0,0,0,0,0,0,0,0,0,30,100,100,100,100,96.67,96.77,100,100,100,100,100,90,100,100,100,100,100,100,100,100,100,100,100,100,96.77
Kantor Kelurahan Kalisari,0,0,0,0,0,0,0,0,0,0,0,0,0,0,0,0,0,0,0,0,0,51.61,93.33,100,100,100,90.32,96.67,96.77,100,100,100,100,100,90,100,100,100,9.68,0,0,0,0,0,0,54.84,100,96.77
Kantor Kelurahan Kampung Pondok,0,0,0,0,0,0,0,0,0,0,0,0,0,0,0,0,0,0,0,0,0,0,0,29.03,100,100,100,100,100,86.67,0,90.32,100,100,100,100,100,100,100,100,100,100,100,100,100,100,100,100
Kantor Kelurahan Kandang Limun,0,0,0,0,0,0,0,0,0,0,0,0,0,0,0,0,0,0,0,0,0,0,0,0,0,0,0,0,0,0,0,0,0,25.81,56.67,100,100,100,100,93.33,100,100,100,100,100,100,100,96.77
Kantor Kelurahan Kapuk Muara,0,0,0,0,0,0,0,0,0,0,0,0,0,0,0,0,0,0,0,0,0,51.61,96.67,100,100,100,96.77,90,96.77,100,100,100,100,100,90,100,100,100,100,66.67,100,100,100,100,100,93.55,100,96.77
Kantor Kelurahan Kayumalue Pajeko,0,0,0,0,0,0,0,0,0,0,0,0,0,0,0,0,0,0,0,0,0,0,0,0,0,0,0,0,0,0,0,0,0,0,0,0,0,0,0,0,0,0,6.45,70.97,100,100,100,100
Kantor Kelurahan Kejawan Putih Tambak,0,0,0,0,0,0,0,0,0,0,0,0,0,0,0,0,0,0,0,0,0,51.61,96.67,100,100,100,87.1,96.67,93.55,53.33,93.55,100,100,100,100,100,100,100,100,100,100,100,100,100,100,100,100,100
Kantor Kelurahan Ketintang Surabaya,0,0,0,0,0,0,0,0,0,0,0,0,0,0,0,0,0,0,0,0,0,51.61,93.33,100,100,100,87.1,96.67,100,100,100,100,100,100,100,100,100,100,100,100,100,100,100,100,100,100,100,100
Kantor Kelurahan Kramat,0,0,0,0,0,0,0,0,0,0,0,0,0,0,0,0,0,0,0,0,0,51.61,90,100,100,100,100,93.33,93.55,100,100,100,100,87.1,50,100,100,100,100,100,100,100,100,100,100,77.42,23.33,96.77
Kantor Kelurahan Lambara Palu,0,0,0,0,0,0,0,0,0,0,0,0,0,0,0,0,0,0,0,0,0,0,0,0,0,0,0,0,0,0,0,0,0,0,0,0,0,0,0,0,0,0,6.45,100,53.33,100,100,83.87
Kantor Kelurahan Layana Indah,0,0,0,0,0,0,0,0,0,0,0,0,0,0,0,0,0,0,0,0,0,0,0,0,0,0,0,0,0,0,0,0,0,0,0,0,0,0,0,0,0,0,6.45,100,100,100,100,100
Kantor Kelurahan Lebak Bulus,0,0,0,0,0,0,0,0,0,0,0,0,0,0,0,0,0,0,0,0,0,51.61,93.33,100,100,100,54.84,96.67,96.77,100,100,100,100,100,90,100,67.74,96.55,100,100,100,20,80.65,100,46.67,54.84,96.67,96.77
Kantor Kelurahan Makassar Jakarta Timur,0,0,0,0,0,0,0,0,0,0,0,0,0,0,0,0,0,0,0,0,0,51.61,90,100,100,100,96.77,100,93.55,100,100,100,100,100,90,100,100,100,100,100,100,100,100,100,100,100,100,96.77
Kantor Kelurahan Manyaran,0,0,0,0,0,0,0,0,0,0,0,0,0,0,0,0,0,0,0,0,0,41.94,86.67,100,100,100,83.87,93.33,100,100,100,100,100,100,100,100,100,100,100,100,100,100,100,100,100,100,100,100
Kantor Kelurahan Meras Manado,0,0,0,0,0,0,0,0,0,0,0,0,0,0,0,0,0,0,0,0,0,0,0,0,0,0,0,0,0,0,0,0,0,9.68,56.67,100,100,100,100,100,100,100,100,100,100,100,100,100
Kantor Kelurahan Pal Merah,0,0,0,0,0,0,0,0,0,0,0,0,0,0,0,0,0,0,0,0,0,51.61,93.33,100,100,100,96.77,93.33,100,100,100,100,100,100,90,100,100,100,100,100,100,100,100,100,100,100,100,45.16
Kantor Kelurahan Pancoran,0,0,0,0,0,0,0,0,0,0,0,0,0,0,0,0,0,0,0,0,0,51.61,93.33,100,100,100,96.77,93.33,96.77,100,100,100,96.67,100,90,100,100,100,100,93.33,100,100,100,100,100,100,66.67,0
Kantor Kelurahan Pasar Minggu,0,0,0,0,0,0,0,0,0,0,0,0,0,0,0,0,0,0,0,0,0,51.61,96.67,100,100,100,90.32,96.67,96.77,100,100,100,70,93.55,90,100,100,100,100,100,100,100,100,100,100,100,100,96.77
Kantor Kelurahan Perkamil Manado,0,0,0,0,0,0,0,0,0,0,0,0,0,0,0,0,0,0,0,0,0,0,0,0,0,0,0,0,0,0,0,0,0,0,0,0,0,0,0,0,0,0,0,0,16.67,100,100,100
Kantor Kelurahan Perupuk Tabing,0,0,0,0,0,0,0,0,0,0,0,0,0,0,0,0,0,0,0,0,0,0,0,29.03,100,100,100,100,100,100,100,100,100,100,100,100,100,100,100,100,100,100,100,100,100,100,100,100
Kantor Kelurahan Pisangan Jakarta Timur,0,0,0,0,0,0,0,0,0,0,0,0,0,0,0,0,0,0,0,0,0,19.35,26.67,100,100,100,90.32,30,93.55,86.67,100,100,100,100,90,100,100,100,100,100,100,100,100,100,100,100,100,96.77
Kantor Kelurahan Pluit,0,0,0,0,0,0,0,0,0,0,0,0,0,0,0,0,0,0,0,0,0,51.61,93.33,100,100,100,93.55,100,100,100,100,100,100,100,90,100,100,100,100,100,100,100,100,100,100,100,100,96.77
Kantor Kelurahan Pondok Kopi,0,0,0,0,0,0,0,0,0,0,0,0,0,0,0,0,0,0,0,0,0,51.61,93.33,100,100,100,96.77,90,93.55,100,100,100,100,100,90,100,100,79.31,0,3.33,96.77,100,100,100,100,100,100,96.77
Kantor Kelurahan Ragunan,0,0,0,0,0,0,0,0,0,0,0,0,0,0,0,0,0,0,0,0,0,51.61,90,100,100,100,93.55,93.33,100,100,100,100,100,100,90,100,87.1,100,100,100,100,100,100,100,100,100,100,96.77
Kantor Kelurahan Rawa Teratai,0,0,0,0,0,0,0,0,0,0,0,0,0,0,0,0,0,0,0,0,0,0,26.67,100,100,100,77.42,96.67,96.77,100,100,100,100,100,90,100,87.1,100,100,100,100,100,100,100,100,100,100,96.77
Kantor Kelurahan Rorotan,0,0,0,0,0,0,0,0,0,0,0,0,0,0,0,0,0,0,0,0,0,51.61,96.67,100,100,100,93.55,86.67,93.55,100,100,100,100,100,90,100,100,100,100,100,100,100,100,100,100,100,100,96.77
Kantor Kelurahan Sambikereb,0,0,0,0,0,0,0,0,0,0,0,0,0,0,0,0,0,0,0,0,0,0,0,29.03,100,100,64.52,60,100,100,100,100,100,100,100,100,100,82.76,100,86.67,100,100,100,100,100,100,100,100
Kantor Kelurahan Siranindi,0,0,0,0,0,0,0,0,0,0,0,0,0,0,0,0,0,0,0,0,0,0,0,0,0,0,0,0,0,0,0,0,0,0,0,0,0,0,0,0,0,0,6.45,100,100,100,100,100
Kantor Kelurahan Srengseng Sawah,0,0,0,0,0,0,0,0,0,0,0,0,0,0,0,0,0,0,0,0,0,0,90,100,100,100,96.77,90,93.55,90,61.29,100,100,100,90,100,100,100,93.55,0,96.77,100,100,12.9,70,100,100,96.77
Kantor Kelurahan Talise Valangguna,0,0,0,0,0,0,0,0,0,0,0,0,0,0,0,0,0,0,0,0,0,0,0,0,0,0,0,0,0,0,0,0,0,0,0,0,0,0,0,0,0,0,6.45,96.77,93.33,100,73.33,100
Kantor Kelurahan Tanjung Barat,0,0,0,0,0,0,0,0,0,0,0,0,0,0,0,0,0,0,0,0,0,51.61,96.67,100,100,100,96.77,93.33,100,100,100,100,100,100,90,100,100,100,100,100,100,100,100,100,100,100,100,96.77
Kantor Kelurahan Tanjung Duren Utara,0,0,0,0,0,0,0,0,0,0,0,0,0,0,0,0,0,0,0,0,0,0,0,0,0,7.14,3.23,96.67,93.55,100,100,64.52,66.67,67.74,90,100,100,100,100,100,100,100,100,100,100,100,100,93.55
Kantor Kelurahan Tebet Barat,0,0,0,0,0,0,0,0,0,0,0,0,0,0,0,0,0,0,0,0,0,51.61,93.33,100,100,35.71,87.1,80,96.77,100,100,100,100,100,90,93.55,100,100,100,100,100,100,100,100,100,100,100,96.77
Kantor Kelurahan Ujung Menteng,0,0,0,0,0,0,0,0,0,0,0,0,0,0,0,0,0,0,0,0,0,0,3.33,100,100,100,100,93.33,96.77,100,100,100,100,100,90,100,100,100,96.77,100,100,100,100,90.32,100,100,100,96.77
Kantor Kepala Desa Karangbolong,61.29,39.29,6.45,60,96.77,100,93.55,100,96.67,90.32,96.67,19.35,3.23,0,93.55,96.67,100,96.67,100,100,6.67,51.61,70,100,38.71,35.71,54.84,6.67,93.55,76.67,61.29,100,100,100,100,100,74.19,100,100,100,100,86.67,100,100,100,100,100,100
Kantor LPD Br.Dangin Tukad,61.29,89.29,100,93.33,93.55,0,0,0,0,0,0,0,0,0,0,0,61.29,80,9.68,83.87,96.67,38.71,26.67,35.48,29.03,64.29,80.65,100,100,100,100,96.77,93.33,100,100,100,100,100,100,100,87.1,96.67,64.52,100,100,100,100,41.94
Kantor Lurah Kamal Muara,0,0,0,0,0,0,0,0,0,0,0,0,0,0,0,0,0,0,0,0,0,51.61,93.33,67.74,100,53.57,100,86.67,90.32,100,100,100,100,87.1,3.33,100,100,100,100,100,100,100,100,100,13.33,51.61,100,96.77
Kantor Lurah Manulai II,0,0,0,0,0,0,0,0,0,0,0,0,0,0,0,0,0,0,0,0,0,0,0,0,0,0,0,0,0,0,0,0,0,0,0,0,0,0,0,0,0,0,0,0,0,0,0,22.58
Kantor Lurah Penatih,0,0,0,0,0,0,0,0,0,0,0,0,0,0,0,0,0,0,0,0,0,0,0,0,0,0,0,0,48.39,100,100,100,100,100,100,100,100,100,100,100,100,100,100,100,100,100,100,96.77
Kantor Lurah Serangan,0,0,0,0,0,0,0,0,0,0,0,0,0,0,0,0,0,0,0,0,0,0,0,0,0,0,12.9,0,48.39,100,100,100,100,100,100,100,100,100,100,100,100,100,100,100,100,100,100,96.77
Kantor Perbekel Dalung,61.29,100,100,96.67,100,100,100,100,63.33,100,100,100,96.77,100,100,100,100,100,74.19,100,100,51.61,26.67,32.26,19.35,64.29,87.1,100,100,100,100,80.65,93.33,100,100,100,100,100,93.55,100,93.55,100,100,100,100,100,100,96.77
Kantor Perbekel Desa Dapdap Putih,0,0,0,0,0,0,29.03,87.1,43.33,0,0,3.23,6.45,10.71,6.45,0,6.45,0,0,0,43.33,77.42,23.33,3.23,3.23,7.14,45.16,100,100,100,100,100,100,100,100,100,100,100,96.77,100,100,100,100,100,100,100,100,96.77
Kantor Perbekel Desa Gadungan,58.06,85.71,19.35,43.33,58.06,26.67,38.71,100,83.33,80.65,100,83.87,96.77,100,90.32,100,100,83.33,45.16,100,100,51.61,30,35.48,29.03,57.14,58.06,93.33,100,100,96.77,100,90,100,100,100,100,100,96.77,100,100,100,100,100,100,100,100,100
Kantor Perbekel Desa Klumpu,58.06,82.14,87.1,96.67,100,100,100,100,93.33,100,96.67,96.77,77.42,0,0,53.33,100,100,100,100,96.67,51.61,26.67,35.48,29.03,60.71,87.1,100,100,100,100,100,90,100,100,100,100,93.1,96.77,100,100,100,93.55,100,100,100,100,96.77
Kantor Perbekel Desa Lumbung,0,0,0,0,0,0,0,0,0,96.77,100,100,96.77,100,87.1,100,100,93.33,58.06,93.55,96.67,51.61,33.33,35.48,29.03,57.14,58.06,100,100,100,90.32,77.42,100,100,100,100,100,100,100,100,100,100,100,100,100,90.32,53.33,100
Kantor Perbekel Desa Munggu,61.29,100,45.16,0,0,0,80.65,100,83.33,100,100,100,96.77,64.29,100,100,90.32,56.67,0,0,33.33,51.61,26.67,35.48,29.03,64.29,87.1,100,100,100,100,74.19,100,100,100,100,100,100,100,100,100,100,100,100,100,93.55,100,96.77
Kantor Perbekel Desa Pecatu,58.06,100,41.94,0,45.16,100,100,100,96.67,90.32,100,100,96.77,100,83.87,100,100,100,67.74,100,96.67,51.61,23.33,22.58,12.9,46.43,64.52,100,100,83.33,100,87.1,90,100,100,100,100,100,93.55,100,100,100,100,100,100,100,100,93.55
Kantor Perbekel Desa tanglad,0,0,0,0,0,0,0,0,16.67,100,100,100,96.77,100,96.77,100,100,100,100,100,96.67,51.61,26.67,35.48,29.03,60.71,83.87,96.67,100,100,96.77,100,90,100,100,100,100,100,96.77,100,100,100,100,100,100,100,100,93.55
Kantor Perbekel Desa Yangapi,54.84,100,3.23,0,80.65,6.67,0,3.23,3.33,87.1,100,100,96.77,100,100,100,87.1,76.67,0,0,0,25.81,26.67,35.48,29.03,64.29,80.65,96.67,100,100,100,100,100,100,100,100,100,100,100,100,100,100,100,96.77,100,100,100,96.77
Kantor Perbekel Mengani,0,0,0,0,0,0,0,0,13.33,100,70,93.55,96.77,32.14,0,0,0,0,0,0,0,41.94,26.67,35.48,29.03,64.29,87.1,100,100,100,100,100,100,100,100,100,96.77,79.31,58.06,3.33,80.65,100,100,96.77,100,100,93.33,96.77
Kantor Radar Cuaca Bengkulu,0,0,0,0,0,0,0,0,0,0,0,0,0,0,0,0,0,0,0,0,0,0,0,0,0,0,0,0,0,0,0,0,0,54.84,100,100,100,100,100,100,100,100,100,100,100,100,100,96.77
Kantor Walikota Bandung,0,0,0,0,0,0,0,0,0,0,0,0,0,0,0,0,0,0,0,0,0,0,0,29.03,100,100,100,100,100,3.33,70.97,100,100,100,96.67,100,100,100,100,93.33,100,100,100,70.97,90,100,100,96.77
Kantor Walikota Bengkulu,0,0,0,0,0,0,0,0,0,0,0,0,0,0,0,0,0,0,0,0,0,0,0,0,0,0,0,0,0,0,0,0,0,25.81,100,100,100,100,100,100,100,100,100,100,100,100,100,96.77
Kantor Walikota Jakarta Barat,0,0,0,0,0,0,0,0,0,0,0,0,0,0,0,0,0,0,0,0,0,51.61,96.67,100,100,100,100,93.33,100,100,83.87,100,100,100,90,100,100,100,100,100,100,100,100,100,100,100,100,96.77
Kantor Walikota Jakarta Pusat,0,0,0,0,0,0,0,0,0,0,0,0,0,0,0,0,0,0,0,0,0,51.61,93.33,100,100,100,96.77,93.33,96.77,100,100,100,100,100,90,100,100,100,100,100,100,100,100,100,100,100,100,96.77
Kantor Walikota Jakarta Selatan,0,0,0,0,0,0,0,0,0,0,0,0,0,0,0,0,0,0,0,0,0,51.61,96.67,100,96.77,96.43,93.55,80,90.32,100,100,100,100,100,90,100,64.52,0,0,0,96.77,100,100,100,100,100,100,96.77
Kantor Walikota Jakarta Timur,0,0,0,0,0,0,0,0,0,0,0,0,0,0,0,0,0,0,0,0,0,51.61,90,100,100,100,93.55,93.33,100,100,100,100,100,100,90,100,100,100,100,100,100,100,100,100,100,100,100,96.77
Kantor Walikota Jakarta Utara,0,0,0,0,0,0,0,0,0,0,0,0,0,0,0,0,0,0,0,0,0,51.61,93.33,100,100,100,100,96.67,96.77,100,100,100,86.67,67.74,20,100,100,100,100,100,100,80,100,100,100,100,100,96.77
Kantor Walikota Mataram,0,0,0,0,0,0,0,0,0,0,0,0,0,0,0,0,0,0,0,0,0,51.61,96.67,100,100,100,96.77,90,96.77,100,100,100,100,100,100,100,100,100,100,100,100,100,100,100,100,100,100,77.42
Kantor Walikota Padang,0,0,0,0,0,0,0,0,0,0,0,0,0,0,0,0,0,0,0,0,0,0,0,29.03,100,100,100,100,100,100,100,100,100,100,100,100,100,100,100,100,100,90,100,100,100,100,100,100
Kantro Desa Singapadu Kaler,0,0,0,0,0,0,0,0,6.67,100,100,100,96.77,100,100,100,100,53.33,58.06,77.42,96.67,51.61,26.67,35.48,29.03,64.29,87.1,100,100,100,100,100,96.67,100,93.33,100,100,100,96.77,100,100,86.67,100,100,100,100,100,96.77
Kebun Bintang Surabaya,0,0,0,0,0,0,0,0,0,0,0,0,0,0,0,0,0,0,0,0,0,51.61,96.67,100,100,100,80.65,93.33,93.55,100,100,100,100,100,100,100,100,100,77.42,100,100,100,100,100,100,100,100,100
Kebun Percontohan Sidondo,61.29,25,0,0,0,0,0,0,86.67,100,86.67,100,100,100,100,100,100,96.67,100,100,36.67,25.81,96.67,96.77,100,100,100,100,100,100,100,74.19,33.33,100,100,100,100,100,100,100,100,100,100,100,100,100,100,67.74
Kecamatan Ampenan,0,0,0,0,0,0,0,0,0,0,0,0,0,0,0,0,0,0,0,0,0,32.26,0,96.77,100,100,93.55,93.33,100,100,100,100,100,96.77,76.67,100,93.55,100,93.55,100,100,96.67,93.55,87.1,100,100,100,100
Kecamatan Benda,0,0,0,0,0,0,0,0,0,0,0,0,0,0,0,0,0,0,0,0,0,51.61,96.67,100,100,96.43,90.32,93.33,96.77,100,100,100,100,100,100,100,100,100,100,100,100,100,100,100,56.67,67.74,100,100
Kecamatan Bungursari,61.29,85.71,100,100,96.77,100,93.55,87.1,96.67,77.42,30,93.55,58.06,53.57,70.97,93.33,100,96.67,100,100,6.67,51.61,96.67,54.84,0,0,0,0,0,0,0,0,0,0,26.67,100,9.68,0,80.65,86.67,93.55,100,100,93.55,93.33,100,100,100
Kecamatan Cakranegara,0,0,0,0,0,0,0,0,0,0,0,0,0,0,0,0,0,0,0,0,0,51.61,93.33,100,100,100,90.32,86.67,100,100,100,100,100,100,100,100,100,100,100,100,100,100,100,100,100,100,100,100
Kecamatan Cikarang Selatan,61.29,75,100,100,96.77,100,93.55,100,96.67,90.32,100,96.77,67.74,100,100,93.33,100,96.67,100,100,6.67,51.61,96.67,100,96.77,100,100,100,100,100,100,100,100,100,100,100,100,100,100,100,100,100,100,100,100,100,100,96.77
Kecamatan Ciledug,0,0,0,0,0,0,0,0,0,0,0,0,0,0,0,0,0,0,0,0,0,51.61,73.33,29.03,100,100,80.65,90,96.77,100,100,100,100,100,100,100,100,96.55,100,100,61.29,100,100,100,100,100,100,100
Kecamatan Cimahi Utara,61.29,100,100,100,96.77,100,93.55,100,96.67,90.32,100,96.77,70.97,100,100,93.33,100,96.67,100,100,100,100,96.67,100,96.77,100,100,100,100,46.67,0,9.68,0,0,83.33,100,100,100,100,100,100,100,100,100,100,100,100,96.77
Kecamatan Cimanggu,16.13,21.43,0,13.33,0,70,93.55,100,96.67,90.32,100,96.77,67.74,100,100,96.67,100,96.67,100,100,6.67,51.61,96.67,70.97,0,0,100,100,100,100,100,100,100,100,100,100,100,100,45.16,86.67,100,100,100,100,100,100,100,90.32
Kecamatan Jatisari,61.29,100,100,100,96.77,100,93.55,100,96.67,90.32,100,96.77,67.74,100,100,93.33,100,96.67,100,100,0,51.61,96.67,100,83.87,100,100,100,100,100,100,100,100,100,100,100,100,100,100,100,100,100,100,100,100,100,100,96.77
Kecamatan Jatiuwung,0,0,0,0,0,0,0,0,0,0,0,0,0,0,0,0,0,0,0,0,0,51.61,86.67,100,100,100,80.65,93.33,96.77,100,100,87.1,96.67,93.55,100,100,100,100,100,100,100,100,100,100,100,100,100,100
Kecamatan Mataram,0,0,0,0,0,0,0,0,0,0,0,0,0,0,0,0,0,0,0,0,0,48.39,86.67,83.87,90.32,100,90.32,93.33,100,100,100,100,100,100,100,100,100,100,100,96.67,100,100,100,100,100,100,100,100
Kecamatan Padalarang,61.29,100,100,36.67,0,90,93.55,100,96.67,90.32,100,83.87,0,0,0,0,0,0,54.84,100,100,100,96.67,100,74.19,3.57,45.16,0,0,83.33,100,100,100,100,100,100,100,17.24,0,43.33,100,100,100,100,100,100,100,96.77
Kecamatan ParongPong,61.29,100,100,100,96.77,100,93.55,100,96.67,90.32,100,96.77,70.97,100,100,73.33,100,96.67,100,100,100,100,96.67,100,96.77,100,100,100,100,100,100,58.06,100,100,80,100,100,100,100,100,100,100,100,35.48,0,0,16.67,74.19
Kecamatan Purabaya,61.29,100,100,100,96.77,100,93.55,100,96.67,35.48,0,0,0,0,0,80,100,96.67,100,100,10,51.61,96.67,100,96.77,100,100,100,100,100,100,100,100,100,100,100,100,100,100,100,100,100,100,100,100,100,100,100
Kecamatan RancaBali,61.29,100,100,100,96.77,100,93.55,100,96.67,90.32,100,96.77,70.97,100,100,96.67,100,93.33,100,100,100,100,90,100,96.77,100,100,100,100,100,100,100,100,100,100,100,100,100,100,100,100,100,100,80.65,0,77.42,100,96.77
Kecamatan Sandubaya,0,0,0,0,0,0,0,0,0,0,0,0,0,0,0,0,0,0,0,0,0,51.61,96.67,100,100,100,100,93.33,100,100,100,100,100,100,100,87.1,100,100,100,100,100,100,100,100,100,100,100,100
Kecamatan Selaparang,0,0,0,0,0,0,0,0,0,0,0,0,0,0,0,0,0,0,0,0,0,51.61,93.33,100,100,100,96.77,93.33,93.55,100,100,100,100,100,100,100,54.84,86.21,100,100,100,100,100,100,100,100,100,100
Kecamatan Setu,0,0,0,0,0,0,0,0,0,0,0,0,0,0,0,0,0,0,0,0,0,0,0,32.26,100,100,90.32,86.67,96.77,66.67,100,100,60,70.97,93.33,100,100,100,100,100,100,100,100,100,100,100,100,100
Kecamatan Surade,58.06,96.43,96.77,100,96.77,100,93.55,100,96.67,90.32,100,96.77,67.74,100,67.74,80,100,76.67,100,87.1,6.67,35.48,86.67,100,96.77,100,100,100,100,96.67,100,100,100,100,100,100,96.77,100,100,100,100,100,100,100,100,96.77,100,93.55
Kecamatan Temon,0,0,0,0,0,0,0,0,0,0,0,0,0,0,0,0,0,0,0,0,0,51.61,86.67,100,100,96.43,83.87,93.33,96.77,100,100,100,100,100,100,100,100,100,100,100,100,100,100,100,100,100,100,100
Kelurahan Ampenan Utara,0,0,0,0,0,0,0,0,0,0,0,0,0,0,0,0,0,0,0,0,0,51.61,90,100,100,100,96.77,93.33,100,100,100,100,100,100,100,100,100,100,100,80,100,100,100,100,100,100,100,100
Kelurahan Cipinang,0,0,0,0,0,0,0,0,0,0,0,0,0,0,0,0,0,0,0,0,0,51.61,90,100,100,100,96.77,93.33,96.77,100,100,100,96.67,90.32,90,100,100,100,100,100,100,100,100,100,100,100,40,96.77
Kelurahan Dasan Cermen,0,0,0,0,0,0,0,0,0,0,0,0,0,0,0,0,0,0,0,0,0,0,0,0,0,0,70.97,80,96.77,100,100,100,100,96.77,60,93.55,100,75.86,90.32,100,100,100,100,100,100,100,100,100
Kelurahan Sumber Jaya,0,0,0,0,0,0,0,0,0,0,0,0,0,0,0,0,0,0,0,0,0,0,0,0,0,0,0,0,0,0,0,0,0,51.61,100,100,100,100,100,100,100,100,100,100,100,100,30,96.77
Kntor Kelurahan Pradah Kalikendal Surabaya,0,0,0,0,0,0,0,0,0,0,0,0,0,0,0,0,0,0,0,0,0,0,0,29.03,100,100,100,100,100,100,100,100,100,100,100,100,100,100,100,100,100,100,100,100,100,100,100,100
Korem Palu,25.81,85.71,96.77,100,93.55,100,100,100,100,93.55,100,100,100,100,100,100,100,96.67,100,100,100,35.48,96.67,100,51.61,75,100,100,100,100,100,100,100,100,100,100,100,100,100,100,100,100,96.77,100,100,100,100,96.77
Kulon Progo Terminal Keberangkatan,61.29,100,96.77,76.67,93.55,100,100,100,60,29.03,100,58.06,0,0,0,0,0,0,0,0,86.67,67.74,96.67,100,100,71.43,93.55,16.67,100,100,100,100,100,100,100,100,100,89.66,87.1,100,100,100,100,100,100,100,73.33,96.77
MTs Negeri Kupang,0,0,0,0,0,0,0,0,0,0,0,0,0,0,0,0,0,0,0,0,0,0,0,0,0,0,0,0,0,0,0,0,0,0,0,0,0,0,0,0,0,0,0,0,0,0,0,22.58
Pemadam Kebakaran Tangsel,0,0,0,0,0,0,0,0,0,0,0,0,0,0,0,0,0,0,0,0,0,0,0,32.26,100,96.43,93.55,93.33,96.77,100,100,100,100,100,100,100,100,100,100,100,93.55,100,100,100,100,100,100,100
Perbekel Jungutan,61.29,100,100,70,38.71,100,100,100,96.67,100,100,100,96.77,100,100,90,100,70,70.97,29.03,50,51.61,13.33,35.48,29.03,57.14,87.1,100,100,100,100,100,100,100,100,100,100,96.55,93.55,100,100,100,100,100,100,100,100,96.77
Perbekel Kedewatan,61.29,100,100,96.67,100,100,100,100,96.67,100,100,100,96.77,100,96.77,100,100,100,100,100,100,51.61,26.67,35.48,29.03,64.29,87.1,96.67,100,86.67,87.1,100,100,96.77,100,77.42,90.32,100,100,100,100,100,100,100,100,96.77,100,96.77
Perbekel Tianyar Barat,0,0,0,0,0,0,0,0,0,80.65,70,87.1,87.1,92.86,90.32,93.33,96.77,80,45.16,0,0,48.39,26.67,35.48,6.45,60.71,77.42,60,87.1,86.67,100,96.77,90,96.77,76.67,58.06,77.42,86.21,87.1,100,100,100,100,100,100,100,93.33,48.39
Poleresta Denpasar,0,0,0,0,0,0,0,0,0,0,0,0,0,0,0,0,0,0,0,0,0,0,0,0,0,0,12.9,0,38.71,96.67,100,100,100,100,100,90.32,93.55,86.21,100,90,100,100,100,100,100,96.77,63.33,0
PT Indonesia Power UBP Saguling,0,0,0,0,0,0,0,0,0,0,0,0,0,0,0,0,0,0,0,0,0,0,0,29.03,48.39,0,0,6.67,3.23,0,87.1,100,100,100,70,100,100,100,100,100,100,100,100,100,100,77.42,90,96.77
PT Krakatau Sarana Properti,0,0,0,0,0,0,0,0,0,0,0,0,0,0,0,0,0,0,0,0,0,51.61,96.67,100,96.77,100,100,100,100,100,80.65,100,100,100,100,100,100,100,100,100,100,100,100,100,100,100,100,96.77
PT. Chandra Asri Petrochemical,0,0,0,0,0,0,0,0,0,0,0,0,0,0,0,0,0,0,0,0,0,51.61,96.67,96.77,74.19,78.57,100,100,100,100,100,100,100,100,100,100,100,100,100,100,100,100,100,93.55,90,100,100,90.32
PT. Dover Chemical,0,0,0,0,0,0,0,0,0,0,0,0,0,0,0,0,0,0,0,0,0,51.61,96.67,96.77,3.23,17.86,100,100,100,30,87.1,100,100,100,100,100,100,100,100,100,100,100,100,100,100,100,100,96.77
Pusdalops BPBD Karangasem,0,0,0,0,0,0,0,0,0,0,6.67,100,96.77,35.71,100,100,100,70,100,100,96.67,51.61,26.67,35.48,29.03,60.71,87.1,100,93.55,100,100,100,100,100,83.33,100,96.77,100,100,100,100,90,100,77.42,100,100,100,93.55
PUSDALOPS PB BPBD Provinsi Bali,61.29,100,38.71,0,6.45,6.67,0,0,0,0,0,0,0,25,3.23,36.67,70.97,33.33,35.48,74.19,13.33,51.61,23.33,22.58,6.45,64.29,87.1,96.67,96.77,100,100,90.32,93.33,90.32,100,100,100,79.31,100,96.67,100,100,100,100,100,100,83.33,0
Puskesmas Bengkol Manado,0,0,0,0,0,0,0,0,0,0,0,0,0,0,0,0,0,0,0,0,0,0,0,0,0,0,0,0,0,0,0,0,0,25.81,100,100,100,100,100,100,100,100,100,100,100,100,100,96.77
Puskesmas Beringin Raya Bengkulu,0,0,0,0,0,0,0,0,0,0,0,0,0,0,0,0,0,0,0,0,0,0,0,0,0,0,0,0,0,0,0,0,0,29.03,100,100,100,100,100,100,100,100,100,100,100,100,100,96.77
Puskesmas Betungan - Bengkulu,0,0,0,0,0,0,0,0,0,0,0,0,0,0,0,0,0,0,0,0,0,0,0,0,0,0,0,0,0,0,0,0,0,41.94,83.33,83.87,100,100,100,100,100,100,100,100,100,100,93.33,93.55
Puskesmas Kombos Manado,0,0,0,0,0,0,0,0,0,0,0,0,0,0,0,0,0,0,0,0,0,0,0,0,0,0,0,0,0,0,0,0,0,25.81,100,100,100,100,100,100,100,100,100,100,100,100,100,100
Puskesmas Sario Kotabaru Manado,0,0,0,0,0,0,0,0,0,0,0,0,0,0,0,0,0,0,0,0,0,0,0,0,0,0,0,0,0,0,0,0,0,61.29,100,100,100,100,100,100,100,100,100,100,100,100,100,100
PUSPEM Kota Tangerang,0,0,0,0,0,0,0,0,0,0,0,0,0,0,0,0,0,0,0,0,0,51.61,93.33,100,100,96.43,83.87,93.33,87.1,100,100,100,100,100,100,100,100,100,100,100,100,100,100,100,100,100,80,100
RS Jiwa Provinsi Jawa Barat,0,0,0,0,0,0,0,0,0,0,0,0,0,0,0,0,0,0,0,0,0,0,0,29.03,100,100,100,100,100,100,100,100,100,100,100,100,100,100,100,100,100,100,100,100,100,100,100,96.77
RSUD Harapan dan Doa Kota Bengkulu,0,0,0,0,0,0,0,0,0,0,0,0,0,0,0,0,0,0,0,0,0,0,0,0,0,0,0,0,0,0,0,0,0,58.06,100,100,96.77,100,100,100,100,100,100,100,100,100,100,96.77
RSUD Kota Bandung,0,0,0,0,0,0,0,0,0,0,0,0,0,0,0,0,0,0,0,0,0,0,0,29.03,100,100,100,100,100,100,100,100,100,100,100,100,100,100,100,100,100,100,100,100,100,100,100,96.77
RSUD Wangaya,0,0,0,0,0,0,0,0,0,0,0,0,0,0,0,0,0,0,0,0,0,0,0,0,0,0,12.9,0,48.39,100,100,100,100,100,100,77.42,100,100,100,100,100,100,100,100,100,100,100,96.77
Ruang Pusdalops BPBD Kab. Serang,61.29,100,100,100,96.77,100,93.55,100,96.67,90.32,100,90.32,67.74,100,100,93.33,100,96.67,100,100,6.67,51.61,96.67,100,96.77,100,100,100,100,100,100,100,100,100,100,100,100,100,100,100,100,100,100,100,100,100,96.67,100
Ruang Pusdalops BPBD Kota Cilegon,61.29,100,100,100,96.77,100,93.55,100,96.67,90.32,100,96.77,67.74,28.57,58.06,96.67,100,96.67,100,100,6.67,51.61,96.67,100,96.77,100,100,100,100,100,100,32.26,90,100,100,100,100,100,100,100,100,100,100,100,100,100,100,93.55
SAR Yogyakarta,0,0,0,0,0,0,0,0,0,0,0,0,0,0,0,0,0,0,0,0,0,51.61,93.33,100,100,100,87.1,90,96.77,100,100,100,100,100,100,100,100,100,100,100,100,100,100,100,100,100,100,100
Science Center LAPAN Kupang,0,0,0,0,0,0,0,0,0,0,0,0,0,0,0,0,0,0,0,0,0,0,0,0,0,0,0,0,0,0,0,0,0,0,0,0,0,0,0,0,0,0,0,0,0,0,0,22.58
SD Negeri 03 Oeba Kupang,0,0,0,0,0,0,0,0,0,0,0,0,0,0,0,0,0,0,0,0,0,0,0,0,0,0,0,0,0,0,0,0,0,0,0,0,0,0,0,0,0,0,0,0,0,0,0,22.58
SD Negeri 11 Bengukulu,0,0,0,0,0,0,0,0,0,0,0,0,0,0,0,0,0,0,0,0,0,0,0,0,0,0,0,0,0,0,0,0,0,61.29,100,100,100,100,100,100,100,96.67,100,100,100,100,100,96.77
SD Negeri 113 Manado,0,0,0,0,0,0,0,0,0,0,0,0,0,0,0,0,0,0,0,0,0,0,0,0,0,0,0,0,0,0,0,0,0,61.29,100,80.65,90.32,100,100,93.33,100,100,96.77,100,100,100,100,93.55
Sekretariat Kota Surabaya,0,0,0,0,0,0,0,0,0,0,0,0,0,0,0,0,0,0,0,0,0,0,0,29.03,100,100,100,100,100,100,100,100,100,100,100,100,100,100,100,100,100,100,100,100,100,100,100,100
Shelter Prekursor Universitas Tadulako,0,0,0,0,0,0,0,0,0,0,0,0,0,0,0,0,0,0,0,0,0,0,0,0,0,0,0,0,0,0,0,0,0,0,0,0,0,0,0,0,0,0,6.45,100,100,100,30,0
SMA N 1 Jampang Tengah,61.29,100,100,100,96.77,100,93.55,100,96.67,90.32,100,70.97,67.74,100,100,93.33,100,96.67,100,100,10,51.61,96.67,100,96.77,100,100,96.67,93.55,100,100,100,100,83.87,6.67,51.61,74.19,100,100,100,100,100,100,100,100,100,100,100
SMAN 6 Bengkulu,0,0,0,0,0,0,0,0,0,0,0,0,0,0,0,0,0,0,0,0,0,0,0,0,0,0,0,0,0,0,0,0,0,0,0,80.65,100,100,100,100,100,100,100,90.32,100,100,100,96.77
SMP N 19 Kota Bekasi,61.29,100,100,100,96.77,100,93.55,100,96.67,90.32,100,96.77,67.74,100,100,93.33,100,96.67,100,100,100,100,96.67,100,96.77,100,100,100,100,100,100,100,100,100,100,100,100,100,100,100,100,100,100,100,100,100,100,96.77
SMP N 3 Cibitung,61.29,100,100,100,96.77,100,93.55,100,96.67,90.32,100,96.77,67.74,100,100,93.33,100,96.67,100,100,6.67,51.61,96.67,100,96.77,100,100,100,100,100,100,100,100,100,100,100,100,100,100,100,100,100,100,100,100,100,100,96.77
SMP Negeri 01 Bengkulu,0,0,0,0,0,0,0,0,0,0,0,0,0,0,0,0,0,0,0,0,0,0,0,0,0,0,0,0,0,0,0,0,0,61.29,100,100,100,100,100,100,100,100,100,64.52,86.67,100,100,96.77
SMP Negeri 04 Bengkulu,0,0,0,0,0,0,0,0,0,0,0,0,0,0,0,0,0,0,0,0,0,0,0,0,0,0,0,0,0,0,0,0,0,0,0,80.65,100,100,100,100,100,100,100,100,100,100,100,96.77
SMP Negeri 10 Manado,0,0,0,0,0,0,0,0,0,0,0,0,0,0,0,0,0,0,0,0,0,0,0,0,0,0,0,0,0,0,0,0,0,51.61,100,100,96.77,100,100,100,100,100,100,100,100,93.55,100,100
SMP Negeri 13 Manado,0,0,0,0,0,0,0,0,0,0,0,0,0,0,0,0,0,0,0,0,0,0,0,0,0,0,0,0,0,0,0,0,0,48.39,100,100,100,100,100,93.33,100,100,100,100,100,100,100,100
SMPN 2 Selemadeg Timur,61.29,100,100,96.67,100,100,100,100,60,64.52,100,100,96.77,100,100,100,100,93.33,58.06,0,6.67,51.61,30,35.48,19.35,57.14,58.06,100,100,100,100,96.77,93.33,100,100,100,100,100,100,100,100,100,100,100,100,100,93.33,96.77
SMPN 24 Surabaya,0,0,0,0,0,0,0,0,0,0,0,0,0,0,0,0,0,0,0,0,0,0,0,29.03,100,100,9.68,60,87.1,100,100,100,100,100,100,100,100,100,100,100,100,100,100,100,100,100,100,100
SMPN 26 Surabaya,0,0,0,0,0,0,0,0,0,0,0,0,0,0,0,0,0,0,0,0,0,0,0,29.03,100,100,100,100,100,100,100,100,100,100,96.67,80.65,100,96.55,93.55,83.33,58.06,83.33,100,100,100,100,100,100
SMPN 39 Surabaya,0,0,0,0,0,0,0,0,0,0,0,0,0,0,0,0,0,0,0,0,0,51.61,93.33,96.77,100,100,61.29,53.33,96.77,100,100,100,100,100,100,100,100,100,100,100,100,100,100,100,100,100,100,100
SMPN 40 Surabaya,0,0,0,0,0,0,0,0,0,0,0,0,0,0,0,0,0,0,0,0,0,0,0,29.03,100,100,100,100,100,100,100,100,100,100,100,100,100,100,100,100,100,100,100,100,100,100,100,100
Stageof Banjarnegara,61.29,100,100,80,93.55,96.67,93.55,100,100,100,100,19.35,12.9,100,32.26,23.33,0,0,0,0,63.33,67.74,96.67,74.19,96.77,100,100,100,100,86.67,100,100,100,100,100,100,100,100,100,100,100,100,100,100,100,100,100,67.74
Stageof Cemara,61.29,100,100,100,93.55,80,100,100,100,100,100,100,100,100,100,100,100,46.67,80.65,96.77,96.67,67.74,93.33,100,100,100,100,100,87.1,100,100,100,96.67,100,100,100,100,100,100,100,100,100,100,100,100,100,100,96.77
Stageof Gowa,61.29,85.71,93.55,100,70.97,90,93.55,100,100,100,100,100,96.77,100,83.87,90,90.32,93.33,93.55,100,50,51.61,96.67,100,100,100,100,100,100,100,100,100,100,93.55,100,100,100,100,100,100,100,100,80.65,100,100,100,100,96.77
Stageof Gunung Sitoli,58.06,92.86,32.26,20,61.29,43.33,29.03,0,0,74.19,33.33,3.23,3.23,25,0,80,12.9,23.33,0,0,0,51.61,96.67,100,100,100,100,100,100,100,100,51.61,0,0,76.67,100,100,100,29.03,0,0,0,0,0,0,0,0,0
Stageof Karang Asem - Bali,61.29,100,77.42,100,80.65,100,100,100,100,100,100,58.06,100,100,100,100,100,96.67,58.06,0,0,41.94,96.67,100,100,100,100,100,100,100,100,100,100,100,100,100,100,100,100,100,100,100,100,100,100,100,100,100
Stageof Karangkates,61.29,100,96.77,96.67,93.55,100,100,100,96.67,100,100,100,100,100,100,100,100,43.33,100,100,100,67.74,96.67,96.77,100,100,100,96.67,100,100,100,100,100,100,100,100,100,100,93.55,100,100,100,100,100,100,100,100,96.77
Stageof Kotabumi,61.29,100,100,100,93.55,100,100,87.1,100,100,100,100,100,100,100,100,100,56.67,19.35,100,100,67.74,96.67,100,100,100,96.77,100,100,100,100,100,100,100,100,100,100,100,100,100,100,100,100,100,100,100,100,96.77
Stageof Kupang,38.71,82.14,74.19,30,0,0,0,0,0,0,0,0,0,0,0,53.33,100,96.67,100,100,100,67.74,96.67,100,100,100,100,100,100,100,100,100,100,100,100,100,100,100,100,100,100,100,100,100,100,100,83.33,96.77
Stageof Lembang,58.06,100,100,100,93.55,96.67,100,100,100,100,100,100,96.77,82.14,100,43.33,80.65,80,80.65,100,100,67.74,93.33,67.74,25.81,25,80.65,100,100,100,80.65,51.61,73.33,16.13,23.33,12.9,77.42,96.55,96.77,73.33,93.55,70,100,83.87,0,70.97,53.33,93.55
Stageof Liwa,61.29,100,100,96.67,93.55,100,100,90.32,100,100,53.33,51.61,22.58,0,35.48,40,51.61,76.67,100,100,100,67.74,96.67,100,100,100,100,100,100,96.67,100,100,100,100,100,100,100,100,100,100,100,100,100,100,100,100,100,100
Stageof Mataie Aceh,61.29,100,100,16.67,93.55,100,100,100,100,100,100,96.77,100,100,70.97,100,100,80,58.06,87.1,93.33,12.9,96.67,80.65,87.1,100,100,100,100,100,96.77,100,100,100,100,100,100,100,100,100,100,100,100,100,100,90.32,100,96.77
Stageof Mataram,0,0,0,0,0,0,0,0,0,0,0,0,0,0,0,0,0,0,0,0,0,51.61,90,100,100,100,96.77,96.67,100,100,100,100,100,100,100,100,100,100,100,100,100,100,100,100,100,100,100,100
Stageof Padang Panjang,61.29,100,90.32,100,93.55,100,100,100,100,90.32,100,100,100,100,100,100,100,93.33,0,0,93.33,61.29,96.67,100,96.77,42.86,100,100,100,100,100,100,100,100,100,100,3.23,0,19.35,100,100,100,100,100,100,100,100,96.77
Stageof Palu,61.29,100,100,100,93.55,100,100,100,80,100,100,100,100,100,100,100,100,53.33,19.35,0,0,38.71,96.67,100,100,100,100,100,100,100,100,100,96.67,100,96.67,100,100,86.21,100,100,100,100,100,100,100,100,100,96.77
Stageof Sanglah,61.29,100,90.32,100,93.55,100,93.55,64.52,100,87.1,73.33,100,64.52,64.29,93.55,53.33,100,16.67,41.94,80.65,90,51.61,96.67,100,100,100,100,100,100,100,100,87.1,100,100,100,100,100,100,100,100,100,100,100,100,100,100,100,96.77
Stageof Sleman,0,0,0,0,0,0,0,0,0,0,0,0,0,0,0,0,0,0,0,0,0,51.61,93.33,100,100,100,90.32,93.33,100,100,100,100,100,100,100,96.77,96.77,100,100,100,100,100,100,100,100,96.77,100,100
Stageof Tangerang,61.29,100,100,100,93.55,100,100,100,100,100,100,100,100,100,100,100,100,53.33,0,45.16,100,67.74,96.67,100,35.48,21.43,96.77,96.67,100,40,100,100,100,100,100,100,100,100,100,100,100,100,100,100,100,100,100,96.77
Stageof Tapak Tauan,61.29,100,100,100,93.55,100,100,100,6.67,0,0,0,0,0,0,0,0,0,0,0,0,48.39,96.67,100,100,100,100,100,100,100,100,93.55,100,100,96.67,100,100,100,96.77,100,100,70,100,100,96.67,100,100,96.77
Stageof Tretes,61.29,100,100,100,93.55,100,100,100,100,100,56.67,77.42,100,100,100,100,100,46.67,83.87,74.19,100,16.13,76.67,96.77,100,67.86,100,100,100,100,100,100,100,100,100,100,100,100,100,100,100,96.67,100,100,100,83.87,66.67,90.32
Stageof Yogyakarta,61.29,100,100,100,93.55,100,100,100,100,100,100,83.87,100,100,100,100,100,93.33,100,100,100,67.74,96.67,100,100,100,100,100,100,100,100,100,100,100,100,100,93.55,100,96.77,100,96.77,100,100,93.55,100,96.77,90,96.77
Staklim Bogor,61.29,100,96.77,63.33,93.55,100,100,61.29,0,45.16,70,74.19,3.23,78.57,67.74,83.33,70.97,90,100,100,100,67.74,96.67,100,100,100,90.32,100,96.77,100,100,74.19,100,100,100,100,100,100,87.1,73.33,100,100,100,100,80,100,100,96.77
Staklim Kediri (Mataram),61.29,89.29,96.77,83.33,93.55,73.33,100,64.52,93.33,100,100,100,83.87,82.14,96.77,100,100,73.33,54.84,100,100,67.74,96.67,100,100,35.71,74.19,100,100,100,100,100,100,96.77,100,100,100,100,100,100,100,100,100,100,100,100,96.67,96.77
Staklim Lampung,61.29,100,100,100,93.55,100,100,100,100,100,100,41.94,19.35,0,12.9,100,100,53.33,38.71,100,100,67.74,96.67,100,100,64.29,100,100,96.77,20,58.06,80.65,100,83.87,76.67,77.42,45.16,24.14,70.97,100,100,100,100,100,100,100,100,96.77
Staklim Sampali,61.29,100,100,100,93.55,100,100,100,100,100,100,19.35,100,53.57,74.19,60,0,66.67,100,70.97,100,38.71,90,100,100,100,100,100,100,100,100,90.32,100,100,100,100,100,100,83.87,100,100,100,100,100,73.33,77.42,100,96.77
Staklim Semarang,61.29,100,96.77,0,77.42,100,100,100,96.67,51.61,30,77.42,100,100,61.29,0,0,76.67,100,100,100,67.74,96.67,100,100,21.43,100,100,100,100,100,100,100,100,100,100,100,100,100,100,100,100,100,100,100,100,100,96.77
Stamet Banyuwangi,61.29,100,100,100,93.55,100,100,100,100,100,100,61.29,100,100,100,100,100,53.33,80.65,0,0,0,0,0,0,0,54.84,100,100,100,96.77,100,100,100,100,100,100,100,100,100,100,100,100,100,100,100,100,96.77
Stamet Cengkareng,61.29,100,100,100,93.55,100,100,100,100,100,100,100,100,100,100,100,100,96.67,100,100,100,67.74,96.67,100,83.87,100,100,100,100,100,100,100,100,100,100,100,93.55,93.1,100,100,100,100,100,100,100,100,100,100
Stamet Cilacap,61.29,100,100,100,93.55,100,100,100,100,100,100,100,100,100,100,100,100,93.33,100,93.55,76.67,67.74,96.67,100,100,100,100,100,100,100,100,100,100,100,100,100,100,100,100,100,100,100,100,100,100,100,100,96.77
Stamet Citeko,0,0,0,0,0,0,0,51.61,93.33,100,100,100,100,100,100,100,100,93.33,100,100,100,67.74,96.67,90.32,83.87,100,100,100,100,100,100,100,100,100,100,100,100,100,100,100,100,100,100,100,100,100,100,96.77
Stamet I Gusti Ngurah Rai,61.29,100,100,96.67,100,100,100,100,60,80.65,86.67,100,96.77,100,100,100,100,100,100,100,96.67,51.61,26.67,35.48,29.03,64.29,87.1,100,100,100,87.1,93.55,100,96.77,100,74.19,77.42,100,100,100,100,100,100,100,100,100,100,96.77
Stamet Juanda,61.29,100,83.87,93.33,93.55,100,100,100,96.67,100,100,83.87,100,100,100,100,100,70,96.77,100,100,67.74,96.67,87.1,100,96.43,96.77,100,100,100,100,100,100,93.55,100,100,100,100,100,100,100,100,100,100,100,67.74,16.67,100
Stamet Semarang,61.29,100,100,100,93.55,96.67,0,0,0,0,0,0,0,0,0,0,0,0,0,6.45,100,67.74,96.67,100,100,100,100,100,100,100,100,100,100,100,100,100,100,100,100,100,100,100,100,100,100,100,100,58.06
Stamet Serang,61.29,100,96.77,16.67,22.58,0,0,0,0,0,0,32.26,100,100,100,100,100,96.67,58.06,38.71,100,67.74,96.67,83.87,100,67.86,93.55,100,83.87,93.33,100,70.97,100,100,100,100,100,100,100,86.67,100,100,100,100,100,100,100,100
Stamet Tabing,61.29,100,100,100,93.55,100,100,100,100,100,100,100,100,100,100,100,100,93.33,100,100,100,67.74,96.67,100,100,100,100,100,100,100,100,100,100,100,100,100,100,100,100,100,100,100,100,100,100,100,100,100
Staobs Pelabuhan Ratu,61.29,100,100,100,93.55,100,100,100,90,96.77,100,100,100,100,100,100,100,93.33,100,100,100,67.74,96.67,96.77,100,100,93.55,63.33,100,100,100,100,96.67,100,100,100,100,100,100,90,96.77,100,100,100,100,100,80,100
Stasiun BMKG Kepahiyang,61.29,100,100,100,93.55,100,100,100,100,100,93.33,77.42,25.81,100,100,100,77.42,0,0,0,16.67,67.74,96.67,100,100,100,100,100,100,100,100,100,96.67,100,100,100,100,100,61.29,86.67,100,100,80.65,61.29,100,100,100,70.97
Stasiun Klimatologi Kupang,0,0,0,0,0,0,0,0,0,0,0,0,0,0,0,0,0,0,0,0,0,0,0,0,0,0,0,0,0,0,0,0,0,0,0,0,0,0,0,0,0,0,0,0,0,0,0,22.58
Stasiun Klimatologi Pulau Baai,38.71,96.43,77.42,66.67,70.97,80,90.32,83.87,80,77.42,10,41.94,77.42,57.14,67.74,20,9.68,73.33,96.77,45.16,83.33,51.61,96.67,100,100,100,100,96.67,100,100,100,100,100,35.48,100,100,100,100,100,100,100,100,100,100,100,100,100,96.77
Stasiun Maritim Tenau,0,0,0,0,0,0,0,0,0,0,0,0,0,0,0,0,0,0,0,0,0,0,0,0,0,0,0,0,0,0,0,0,0,0,0,0,0,0,0,0,0,0,0,0,0,0,0,22.58
Stasiun Meteorologi Eltari,0,0,0,0,0,0,0,0,0,0,0,0,0,0,0,0,0,0,0,0,0,0,0,0,0,0,0,0,0,0,0,0,0,0,0,0,0,0,0,0,0,0,0,0,0,0,0,22.58
Stasiun Meteorologi Mutiara,61.29,100,100,100,77.42,100,100,100,43.33,0,53.33,100,100,100,100,100,100,96.67,93.55,100,100,64.52,96.67,96.77,100,100,100,100,100,100,100,100,100,100,100,100,100,100,100,100,100,100,100,100,100,100,100,100
Stasiun Meteorologi Sam Ratulangi,0,0,0,0,0,0,0,0,0,0,0,0,0,0,0,0,0,0,0,0,0,0,0,0,0,0,0,0,0,0,0,0,0,61.29,100,100,100,100,100,100,100,100,100,100,100,100,100,100
Taman Pintar Yogyakarta,61.29,100,100,100,93.55,100,100,100,100,100,100,100,100,100,100,100,100,93.33,100,100,100,67.74,96.67,100,100,100,100,100,100,100,100,100,100,100,100,100,100,100,67.74,73.33,87.1,86.67,90.32,100,96.67,64.52,20,90.32
Taman Rama School,0,0,0,0,0,0,0,0,0,0,0,0,0,0,0,0,0,0,0,0,0,0,0,0,0,0,12.9,0,48.39,100,100,100,100,100,100,100,100,100,100,100,100,100,100,100,100,100,100,96.77
UIN Datokarama Palu,0,0,0,0,0,0,0,0,0,0,0,0,0,0,0,0,0,0,0,0,0,0,0,0,0,0,0,0,0,0,0,0,0,0,0,0,0,0,0,0,0,0,6.45,100,100,74.19,60,70.97
UPT Barat Pemadam Kebakaran,0,0,0,0,0,0,0,0,0,0,0,0,0,0,0,0,0,0,0,0,0,0,0,19.35,0,82.14,100,90,100,83.33,100,100,100,100,100,100,100,100,100,100,100,100,100,100,100,100,100,96.77
UPT Selatan Pemadam Kebakaran,0,0,0,0,0,0,0,0,0,0,0,0,0,0,0,0,0,0,0,0,0,0,0,29.03,100,100,100,100,100,100,100,100,100,100,100,100,100,100,100,100,100,83.33,90.32,100,100,100,100,96.77
UPT Taman Hutan Raya Ir. H. Juanda,0,0,0,0,0,0,0,0,0,0,0,0,0,0,0,0,0,0,0,0,0,0,0,29.03,100,100,100,30,0,83.33,100,100,100,100,100,100,100,100,100,100,100,100,100,100,100,100,100,96.77
UPT Timur Pemadam Kebakaran,0,0,0,0,0,0,0,0,0,0,0,0,0,0,0,0,0,0,0,0,0,0,0,29.03,100,100,100,100,100,100,100,100,100,100,100,100,100,100,100,100,100,100,100,100,100,100,100,96.77
UPTD Pemadam Kebakaran Plered,0,0,0,0,0,0,0,0,0,0,0,9.68,67.74,100,87.1,96.67,100,96.67,100,100,6.67,51.61,96.67,100,96.77,100,100,100,100,100,100,100,100,100,100,67.74,0,0,87.1,100,100,100,100,100,100,100,100,100
Wisma Perdamaian Semarang,0,0,0,0,0,0,0,0,0,0,0,0,0,0,0,0,0,0,0,0,0,41.94,96.67,100,100,100,93.55,93.33,93.55,100,100,100,100,100,100,100,100,100,100,100,100,100,100,100,100,100,100,100