Station,2003-10,2003-11,2003-12,2004-01,2004-02,2004-03,2004-04,2004-05,2004-06,2004-07,2004-08,2004-09,2004-10,2004-11,2004-12,2005-01,2005-02,2005-03,2005-04,2005-05,2005-06,2005-07,2005-08,2005-09,2005-10,2005-11,2005-12,2006-01,2006-02,2006-03,2006-04,2006-05,2006-06,2006-07,2006-08,2006-09,2006-10,2006-11,2006-12,2007-01,2007-02,2007-03,2007-04,2007-05,2007-06,2007-07,2007-08,2007-09,2007-10,2007-11,2007-12,2008-01,2008-02,2008-03,2008-04,2008-05,2008-06,2008-07,2008-08,2008-09,2008-10,2008-11,2008-12,2009-01,2009-02,2009-03,2009-04,2009-05,2009-06,2009-07,2009-08,2009-09,2009-10,2009-11,2009-12,2010-01,2010-02,2010-03,2010-04,2010-05,2010-06,2010-07,2010-08,2010-09,2010-10,2010-11,2010-12,2011-01,2011-02,2011-03,2011-04,2011-05,2011-06,2011-07,2011-08,2011-09,2011-10,2011-11,2011-12,2012-01,2012-02,2012-03,2012-04,2012-05,2012-06,2012-07,2012-08,2012-09,2012-10,2012-11,2012-12,2013-01,2013-02,2013-03,2013-04,2013-05,2013-06,2013-07,2013-08,2013-09,2013-10,2013-11,2013-12,2014-01,2014-02,2014-03,2014-04,2014-05,2014-06,2014-07,2014-08,2014-09,2014-10,2014-11,2014-12,2015-01,2015-02,2015-03,2015-04,2015-05,2015-06,2015-07,2015-08,2015-09,2015-10,2015-11,2015-12,2016-01,2016-02,2016-03,2016-04,2016-05,2016-06,2016-07,2016-08,2016-09,2016-10,2016-11,2016-12,2017-01,2017-02,2017-03,2017-04,2017-05,2017-06,2017-07,2017-08,2017-09,2017-10,2017-11,2017-12,2018-01,2018-02,2018-03,2018-04,2018-05,2018-06,2018-07,2018-08,2018-09,2018-10,2018-11,2018-12,2019-01,2019-02,2019-03,2019-04,2019-05,2019-06,2019-07,2019-08,2019-09,2019-10,2019-11,2019-12,2020-01,2020-02,2020-03,2020-04,2020-05,2020-06,2020-07,2020-08,2020-09,2020-10,2020-11,2020-12,2021-01,2021-02,2021-03,2021-04,2021-05,2021-06,2021-07,2021-08,2021-09,2021-10,2021-11,2021-12,2022-01,2022-02,2022-03,2022-04,2022-05,2022-06,2022-07,2022-08,2022-09,2022-10,2022-11,2022-12,2023-01,2023-02,2023-03,2023-04,2023-05,2023-06,2023-07,2023-08,2023-09,2023-10,2023-11,2023-12,2024-01,2024-02,2024-03,2024-04,2024-05,2024-06,2024-07,2024-08,2024-09,2024-10,2024-11,2024-12
Balai Besar Meteorologi Klimatologi dan Geofisika Wilayah II Ciputat,0,0,0,0,0,0,0,0,0,0,0,0,0,0,0,0,0,0,0,0,0,0,0,0,0,0,0,0,0,0,0,0,0,0,0,0,0,0,0,0,0,0,0,0,0,0,0,0,0,0,0,0,0,0,0,0,0,0,0,0,0,0,0,0,0,0,0,0,0,0,0,0,0,0,0,0,0,0,0,0,0,0,0,0,0,0,0,0,0,0,0,0,0,0,0,0,0,0,0,0,0,0,0,0,0,0,0,0,0,0,0,0,0,0,0,0,0,0,0,0,0,0,0,0,0,0,0,0,0,0,0,0,0,0,0,0,0,0,0,0,0,0,0,0,0,0,0,0,0,0,0,0,0,0,0,0,0,100,0,0,0,0,0,0,100,93.55,100,100,100,96.67,100,96.77,92.86,100,93.33,100,83.33,100,96.77,93.33,87.1,96.67,100,100,96.43,93.55,100,96.77,100,100,90.32,100,96.77,100,100,74.19,100,100,100,96.77,100,100,100,100,93.55,100,96.77,100,100,100,100,100,100,90.32,100,26.67,0,0,0,0,0,0,0,0,0,0,0,0,0,0,0,0,0,0,0,0,0,0,0,0,0,0,0,0,0,0,0,0,0,0,0,0,0,0,0
Balai Besar Meteorologi Klimatologi dan Geofisika Wilayah III Denpasar,0,0,0,0,0,0,0,0,0,0,0,0,0,0,0,0,0,0,0,0,0,0,0,0,0,0,0,0,0,0,0,0,0,0,0,0,0,0,0,0,0,0,0,0,0,0,0,0,0,0,0,0,0,0,0,0,0,0,0,0,0,0,0,0,0,0,0,0,0,0,0,0,16.13,56.67,96.77,100,100,100,100,100,100,100,41.94,3.33,16.13,10,16.13,22.58,100,87.1,90,64.52,23.33,45.16,83.87,100,100,100,100,0,0,0,0,0,0,0,0,0,0,0,0,64.52,89.29,64.52,66.67,100,90,96.77,87.1,100,100,100,100,100,100,100,73.33,48.39,93.33,96.77,100,100,38.71,0,0,83.87,100,100,70,0,0,0,0,0,0,0,0,0,0,0,0,0,0,0,0,0,0,26.67,0,0,0,0,0,0,0,0,0,0,0,0,0,0,0,0,0,0,0,0,0,0,0,0,0,0,0,0,0,0,0,0,0,0,0,0,0,0,0,0,0,0,0,0,0,0,0,0,0,0,0,0,0,0,0,0,0,0,0,0,0,0,0,0,0,0,0,0,0,0,0,0,0,0,0,0,0,0,0,0,0,0,0,0,0,0,0,0,0,0,0,0,0,0,0,0,0
Balai Besar Meteorologi Klimatologi dan Geofisika Wilayah V Jayapura,0,0,0,0,0,0,0,0,0,0,0,0,0,0,0,0,0,0,0,0,0,0,0,0,0,0,0,0,0,0,0,0,0,0,0,0,0,0,0,0,0,0,0,0,0,0,0,0,0,0,0,0,0,0,0,0,0,0,0,0,0,0,0,0,0,0,0,0,0,0,0,0,0,0,0,0,0,0,0,0,0,0,0,0,0,0,0,0,0,0,0,0,0,0,0,0,0,0,0,0,0,0,0,0,0,0,0,0,0,0,0,0,0,0,0,0,0,0,0,0,0,0,0,0,0,0,0,0,0,0,0,0,0,0,0,0,0,0,0,0,0,0,0,0,0,0,0,0,0,0,0,0,0,0,0,0,0,0,0,0,0,0,0,0,10,96.77,41.94,100,100,93.33,93.55,100,100,100,96.67,100,100,100,100,100,100,100,100,100,100,87.1,70,100,96.67,100,67.74,80,87.1,100,100,100,96.55,96.77,100,100,100,100,100,100,87.1,100,93.55,100,96.43,90.32,96.67,100,96.67,100,87.1,100,100,93.33,100,100,100,100,100,100,100,96.77,100,96.67,80.65,0,0,0,0,0,0,0,0,0,0,0,0,0,0,0,0,0,0,0,0,0,0,0,0,0,0
BMKG Pusat - Kedeputian Geofisika,0,0,0,0,0,0,0,0,0,0,0,0,0,0,0,0,0,0,0,0,0,0,0,0,0,0,0,0,0,0,0,0,0,0,0,0,0,0,0,0,0,0,0,0,0,0,0,0,0,0,0,0,0,0,0,0,0,0,0,0,0,0,0,0,0,0,0,0,0,0,0,0,0,0,0,0,0,0,0,0,0,0,0,0,0,0,0,0,0,0,0,0,0,0,0,0,0,0,0,0,0,0,0,0,0,0,0,0,0,0,0,0,0,0,0,0,0,0,0,0,0,0,0,0,0,0,0,0,0,0,0,0,0,0,9.68,0,0,0,0,0,0,0,0,0,0,0,0,0,0,0,0,0,0,0,0,0,0,0,0,0,0,0,0,0,0,0,0,0,0,0,0,0,0,0,0,0,0,0,0,0,0,0,0,0,0,58.06,100,90.32,100,100,100,26.67,0,0,0,0,0,0,0,0,0,0,0,0,0,0,0,0,0,0,0,0,0,0,0,0,0,0,0,0,0,0,0,0,0,0,0,0,0,0,0,0,0,0,0,0,0,0,0,0,0,0,0,0,0,0,0,0,0,0,0,0,0,0,0
Stasiun Geofisika Aceh Besar,0,0,0,0,0,0,0,0,0,0,0,0,0,0,0,0,0,0,0,0,0,0,0,0,0,0,0,0,0,0,0,0,0,0,0,0,0,0,0,0,0,0,0,0,0,0,0,0,0,0,0,0,0,0,0,0,0,0,0,0,74.19,93.33,100,100,100,100,100,100,100,93.55,96.77,100,100,96.67,100,96.77,100,96.77,100,96.77,100,100,100,96.67,100,93.33,100,100,100,100,100,100,100,100,100,100,100,100,100,100,100,100,100,100,93.33,77.42,87.1,86.67,83.87,86.67,93.55,93.55,78.57,0,0,80.65,100,100,100,100,100,100,100,100,100,100,100,93.55,40,100,100,100,100,100,100,100,100,0,100,100,100,100,100,100,100,100,96.77,100,100,100,100,100,100,100,100,86.67,100,100,100,100,100,100,100,100,100,100,100,100,100,100,100,87.1,3.57,0,0,0,0,0,0,0,0,0,0,0,0,0,0,0,0,0,0,0,0,0,0,0,0,0,0,0,0,0,0,0,0,0,0,0,0,0,0,0,0,0,0,0,0,0,0,0,0,0,0,0,0,0,0,0,0,0,0,0,0,0,0,0,0,0,0,0,0,0,0,0,0,0,0,0,0,0,0,0,0,0,0
Stasiun Geofisika Aceh Selatan,0,0,0,0,0,0,0,0,0,0,0,0,0,0,0,0,0,0,0,0,0,0,0,0,0,0,0,0,0,0,0,0,0,0,0,0,0,0,0,0,0,0,0,0,0,0,0,0,0,0,0,0,0,0,0,0,0,0,0,0,0,0,0,0,0,0,0,0,0,0,0,0,0,0,0,0,0,0,0,0,0,0,0,0,0,0,0,0,0,0,0,0,0,0,0,0,0,0,0,0,0,0,0,0,0,0,0,0,0,0,0,0,0,0,0,0,0,0,0,0,0,0,0,0,0,0,0,0,0,0,0,0,0,0,0,0,0,0,0,0,0,0,0,0,0,0,0,0,0,0,0,0,0,0,0,0,0,0,0,0,0,0,0,0,0,0,0,0,0,0,0,0,0,0,0,0,0,0,90.32,70,87.1,100,100,100,100,96.77,100,100,100,100,96.77,100,93.55,63.33,100,100,100,100,100,96.77,100,96.77,96.77,100,100,100,6.45,0,0,0,0,0,0,0,0,0,0,0,0,0,0,0,0,0,0,0,0,0,0,0,0,0,0,0,0,0,0,0,0,0,0,0,0,0,0,0,0,0,0,0,0,0,0,0,0
Stasiun Geofisika Alor,0,0,0,0,0,0,0,0,0,0,0,0,0,0,0,0,0,0,0,0,0,0,0,0,0,0,0,0,0,0,0,0,0,0,0,0,0,0,0,0,0,0,0,0,0,0,0,0,0,0,0,0,0,0,0,0,0,0,0,0,0,0,0,0,0,0,0,0,0,0,0,0,0,0,0,0,0,0,0,0,0,0,0,0,0,0,0,0,0,0,0,0,0,0,0,0,0,0,0,0,0,0,0,0,0,0,0,0,0,0,0,0,0,0,0,0,0,0,0,0,0,0,0,0,0,0,0,0,0,0,0,0,0,0,0,0,0,0,0,0,0,0,0,0,0,0,0,0,0,0,0,0,0,0,0,0,0,0,0,0,0,0,0,0,0,0,0,0,0,0,0,0,0,0,0,0,0,0,0,0,0,0,0,0,0,0,0,0,0,0,0,0,0,0,0,0,0,0,0,0,0,0,0,0,0,0,0,0,0,0,0,0,0,0,0,0,0,0,0,0,0,0,0,0,0,0,0,0,0,0,0,0,0,0,0,0,0,0,0,0,0,0,0,0,0,0,0,0,0,0,0,0,0,0,0
Stasiun Geofisika Ambon,0,0,0,0,0,0,0,0,0,0,0,0,0,0,0,0,0,0,0,0,0,0,0,0,0,0,0,0,0,0,0,0,0,0,0,0,0,0,0,0,0,0,0,0,0,0,0,0,0,0,0,0,0,0,0,0,0,3.23,3.23,0,51.61,90,90.32,100,100,100,100,100,100,77.42,100,76.67,96.77,93.33,100,96.77,89.29,67.74,16.67,0,0,0,0,0,35.48,80,87.1,77.42,92.86,100,100,100,100,100,100,96.67,100,100,93.55,100,100,80.65,100,100,93.33,93.55,90.32,96.67,93.55,80,77.42,96.77,92.86,100,100,77.42,100,100,100,100,100,90,96.77,83.87,92.86,100,96.67,96.77,100,90.32,93.55,100,74.19,76.67,100,100,100,67.74,100,100,46.67,100,74.19,90,19.35,0,0,0,0,0,0,0,0,0,0,0,0,53.33,100,100,100,100,100,96.77,90,100,100,100,100,100,100,100,100,96.77,100,100,100,96.77,100,96.67,96.77,73.33,0,0,0,0,0,0,3.33,0,0,0,0,0,0,0,0,0,0,0,0,0,0,0,0,0,0,0,0,0,0,0,0,0,0,0,0,0,0,0,0,0,0,0,0,0,0,0,0,0,0,0,0,0,0,0,0,0,0,0,0,0,0,0,0,0,0,0,0,0,0,0,0,0,0
Stasiun Geofisika Angkasapura,0,0,0,0,0,0,0,0,0,0,0,0,0,0,0,0,0,0,0,0,0,0,0,0,0,0,0,0,0,0,0,0,0,0,0,0,0,0,0,0,0,0,0,0,0,0,0,0,0,0,0,0,0,0,0,0,0,0,0,0,0,0,0,0,0,0,0,0,0,0,0,0,0,0,0,0,39.29,96.77,100,100,96.67,96.77,100,100,96.77,100,96.77,100,100,100,100,100,93.33,100,100,100,0,40,100,100,100,100,100,100,100,100,100,100,93.55,100,100,61.29,100,100,100,100,100,100,100,100,100,100,100,100,100,100,100,100,100,100,100,100,100,100,100,100,100,100,100,100,100,100,93.55,96.67,100,100,70.97,90.32,100,100,100,80.65,100,100,100,100,100,100,100,100,100,100,100,100,100,100,96.77,100,100,100,96.77,100,100,100,96.67,93.55,100,96.77,90.32,0,0,0,0,0,0,0,0,0,0,0,0,0,0,0,0,0,0,0,0,0,0,0,0,0,0,0,0,0,0,0,0,0,0,0,0,0,0,0,0,0,0,0,0,0,0,0,0,0,0,0,0,0,0,0,0,0,0,0,0,0,0,0,0,0,0,0,0,0,0,0,0,0,0,0,0
Stasiun Geofisika Balikpapan,0,0,0,0,0,0,0,0,0,0,0,0,0,0,0,0,0,0,0,0,0,0,0,0,0,0,0,0,0,0,0,0,0,0,0,0,0,0,0,0,0,0,0,0,0,0,0,0,0,0,0,0,0,0,0,0,0,0,0,0,45.16,100,100,100,100,100,100,100,100,100,100,100,100,100,51.61,0,0,61.29,100,100,100,96.77,100,100,87.1,100,100,100,100,100,100,100,100,100,100,100,100,100,100,100,100,100,100,100,100,100,100,100,100,100,100,100,100,100,100,100,100,100,100,100,100,100,100,100,100,100,100,100,100,100,100,100,100,100,100,100,100,100,100,100,100,100,100,100,100,100,100,100,100,100,100,100,100,100,100,100,100,100,100,100,100,100,100,100,100,100,100,96.67,100,100,100,100,100,100,100,100,100,100,100,100,22.58,0,0,0,0,0,0,0,0,0,0,0,0,0,0,0,0,0,0,0,0,0,0,0,0,0,0,0,0,0,0,0,0,0,0,0,0,0,0,0,0,0,0,0,0,0,0,0,0,0,0,0,0,0,0,0,0,0,0,0,0,0,0,0,0,0,0,0,0,0,0,0,0,0,0
Stasiun Geofisika Bandung,0,0,0,6.45,0,19.35,66.67,0,0,0,0,0,35.48,100,100,90.32,96.43,100,93.33,100,100,100,96.77,96.67,100,100,100,96.77,100,100,100,100,93.33,100,100,100,100,93.33,100,100,100,100,100,100,100,100,100,100,100,100,100,100,100,100,100,96.77,96.67,100,100,80,83.87,100,100,100,100,96.77,100,100,100,100,100,100,100,100,90.32,100,100,100,100,100,100,100,100,66.67,96.77,100,100,80.65,92.86,96.77,86.67,90.32,96.67,100,100,100,96.77,100,67.74,96.77,34.48,0,0,22.58,90,96.77,90.32,100,90.32,100,100,100,100,93.55,96.67,100,100,100,100,100,96.77,100,100,100,100,0,100,96.77,100,100,100,100,100,96.67,96.77,100,100,93.55,96.67,19.35,13.33,100,100,100,100,100,100,100,100,100,100,100,100,100,100,30,100,93.33,100,93.55,100,100,100,100,100,100,100,100,100,96.67,100,100,100,100,100,100,100,100,100,100,100,100,100,100,100,100,100,51.61,0,0,0,0,0,0,0,0,0,0,0,0,0,0,0,0,0,0,0,0,0,0,0,0,0,0,0,0,0,0,0,0,0,0,0,0,0,0,0,0,0,0,0,0,0,0,0,0,0,0,0,0,0,0,0,0,0,0,0,0,0,0,0,0,0,0,0
Stasiun Geofisika Banjarnegara,0,0,0,0,0,0,0,0,0,0,0,0,0,0,0,0,0,0,0,0,0,0,0,0,0,0,0,0,0,0,0,0,0,0,0,0,0,0,0,0,0,0,0,0,0,0,0,0,0,0,0,0,0,0,0,0,0,0,0,43.33,100,96.67,93.55,100,100,0,0,77.42,100,100,100,100,100,100,100,100,100,100,100,100,100,100,100,100,100,100,100,100,100,100,100,100,100,100,100,96.67,100,100,100,96.77,93.1,100,83.33,74.19,0,16.13,22.58,73.33,100,100,100,100,100,100,76.67,74.19,100,100,100,100,100,100,100,100,100,100,100,100,100,100,100,0,0,0,0,0,3.57,100,100,100,3.33,100,100,100,100,100,100,100,100,100,100,100,100,100,100,100,96.77,96.67,100,100,100,100,100,100,100,100,100,100,100,100,100,100,100,96.77,96.67,100,100,100,80.65,96.67,100,100,90.32,100,100,100,96.67,100,100,70.97,0,0,0,0,0,0,0,0,0,0,0,0,0,0,0,0,0,0,0,0,0,0,0,0,0,0,0,0,0,0,0,0,0,0,0,0,0,0,0,0,0,0,0,0,0,0,0,0,0,0,0,0,0,0,0,0,0,0,0,0,0,0,0,0,0
Stasiun Geofisika Deli Serdang,0,0,0,0,0,0,0,0,0,0,0,0,0,0,0,0,0,0,0,0,0,0,0,0,0,0,3.23,0,0,0,0,0,0,0,0,0,0,0,0,0,0,0,0,0,0,0,0,0,0,0,0,0,0,0,0,0,0,0,0,0,0,0,0,0,0,0,0,0,0,0,0,0,0,0,0,0,0,0,0,0,0,0,0,0,0,0,0,0,0,0,0,0,0,0,0,0,0,0,0,100,100,93.55,100,100,96.67,70.97,100,100,100,100,100,100,92.86,100,100,96.77,100,100,100,100,96.77,100,100,100,71.43,83.87,100,100,100,100,87.1,93.33,93.55,100,100,100,100,100,100,100,100,100,100,100,100,100,100,100,100,96.77,100,100,100,100,100,100,100,100,100,100,100,100,100,100,100,100,100,100,100,100,100,100,100,100,26.67,0,0,0,0,0,0,0,0,0,0,0,0,0,0,0,0,0,0,0,0,0,0,0,0,0,0,0,0,0,0,0,0,0,0,0,0,0,0,0,0,0,0,0,0,0,0,0,0,0,0,0,0,0,0,0,0,0,0,0,0,0,0,0,0,0,0,0,0,0,0,0,0,0,0,0,0,0,0,0,0
Stasiun Geofisika Denpasar,0,0,0,0,0,0,0,0,0,0,0,0,0,0,0,0,0,0,0,0,0,0,0,0,0,0,0,0,0,0,0,0,0,0,0,0,0,0,0,0,0,0,0,0,0,0,0,0,0,0,0,0,0,0,0,0,0,3.23,3.23,26.67,96.77,100,100,100,100,100,100,100,96.67,100,100,100,100,96.67,100,96.77,100,100,100,100,100,100,100,100,96.77,100,100,100,100,100,100,100,100,100,80.65,100,87.1,100,100,100,100,100,100,100,100,100,100,100,100,100,100,100,100,100,100,100,100,100,100,96.67,100,100,100,48.39,42.86,41.94,56.67,100,100,100,100,100,100,100,100,100,100,100,100,100,100,100,100,100,93.55,100,100,100,100,100,100,100,3.33,0,0,0,0,0,0,0,0,0,0,0,0,0,0,0,0,0,0,0,0,0,0,0,0,0,0,0,0,0,0,0,0,3.23,0,0,0,0,0,0,0,0,0,0,0,0,0,0,0,0,0,0,0,0,0,0,0,0,0,0,0,0,0,0,0,0,0,0,0,0,0,0,0,0,0,0,0,0,0,0,0,0,0,0,0,0,0,0,0,0,0,0,0,0,0,0,0,0,0,0,0,0,0
Stasiun Geofisika Gorontalo,0,0,0,0,0,0,0,0,0,0,0,0,0,0,0,0,0,0,0,0,0,0,0,0,0,0,0,0,0,0,0,0,0,0,0,0,0,0,0,0,0,0,0,0,0,0,0,0,0,0,0,0,0,0,0,0,0,0,0,0,0,100,100,0,0,0,0,0,0,0,0,0,0,0,0,90.32,96.43,100,100,96.77,100,87.1,96.77,100,90.32,70,100,0,42.86,51.61,46.67,100,96.67,96.77,100,100,100,80,100,100,100,100,90,100,60,90.32,100,100,80.65,100,100,100,100,100,100,100,100,100,67.74,100,100,100,100,100,89.29,100,93.33,100,96.67,100,96.77,100,100,100,100,100,100,100,100,100,100,100,100,100,100,93.33,74.19,93.55,34.48,96.77,100,100,100,100,100,100,100,100,100,100,100,100,100,100,100,100,100,100,100,100,100,100,96.43,100,100,96.77,100,100,100,100,100,100,100,100,100,100,100,100,100,100,100,100,100,100,100,100,100,100,100,100,93.33,100,100,96.67,90.32,100,6.45,0,0,0,0,0,0,0,0,0,0,0,0,0,0,0,0,0,0,0,0,0,0,0,0,0,0,0,0,0,0,0,0,0,0,0,0,0,0,0,0,0,0,0,0,0,0,0,0
Stasiun Geofisika Gowa,0,0,0,0,0,0,0,0,0,0,0,0,0,0,0,0,0,0,0,0,0,0,0,0,0,0,0,0,0,0,0,0,0,0,0,0,0,0,0,0,0,0,0,0,0,0,0,0,0,0,0,0,0,0,0,0,0,0,0,0,0,100,100,100,100,100,63.33,90.32,100,100,100,100,100,100,100,100,100,100,100,100,100,100,100,100,100,100,100,100,100,100,100,100,100,100,100,100,83.87,100,100,100,100,100,100,96.77,100,100,100,100,96.77,100,100,96.77,100,100,100,100,100,100,74.19,100,100,100,100,100,100,96.77,96.67,100,100,100,100,100,100,93.33,96.77,100,100,100,100,100,100,100,100,100,100,100,100,100,100,100,100,100,100,100,100,100,96.77,93.33,0,100,100,74.19,100,100,100,100,100,86.67,70.97,86.67,100,100,100,100,100,100,100,100,100,100,80.65,96.67,100,100,96.43,100,96.67,100,83.33,0,0,0,0,0,0,0,0,0,0,0,0,0,0,0,0,0,0,0,0,0,0,0,0,0,0,0,0,0,0,0,0,0,0,0,0,0,0,0,0,0,0,0,0,0,0,0,0,0,0,0,0,0,0,0,0,0,0,0,0,0,0,0,0,0,0
Stasiun Geofisika Gunungsitoli,0,0,0,0,0,0,0,0,0,0,0,0,0,0,0,0,0,0,0,0,0,0,0,0,0,0,0,0,0,0,0,0,0,0,0,0,0,0,0,0,0,0,0,0,0,0,0,0,0,0,0,0,0,0,0,0,0,0,0,0,0,0,0,0,0,0,0,0,0,0,0,0,0,0,0,0,0,0,0,0,0,0,0,0,0,0,0,0,0,0,0,0,0,0,0,0,0,3.33,64.52,90.32,100,100,100,74.19,100,100,96.77,100,70.97,50,25.81,29.03,100,100,100,100,100,100,100,100,100,100,100,100,100,100,100,100,100,100,100,100,51.61,0,0,0,0,22.58,100,100,93.33,100,100,3.33,0,0,0,0,0,0,0,0,0,0,0,0,0,20,100,100,100,100,100,100,100,100,100,80,87.1,93.33,90.32,87.1,96.43,100,96.67,100,93.33,100,100,96.67,96.77,93.33,19.35,0,0,0,0,0,0,0,0,0,0,0,0,0,0,0,0,0,0,0,0,0,0,0,0,0,0,0,0,0,0,0,0,0,0,0,0,0,0,0,0,0,0,0,0,0,0,0,0,0,0,0,0,0,0,0,0,0,0,0,0,0,0,0,0,0,0,0,0,0,0,0,0
Stasiun Geofisika Kendari,0,0,0,0,0,0,0,0,0,0,0,0,0,0,0,0,0,0,0,0,0,0,0,0,0,0,0,0,0,0,0,0,0,0,0,0,0,0,0,0,0,0,0,0,0,0,0,0,0,0,0,0,0,0,0,0,0,0,0,0,3.23,100,93.55,100,100,100,100,100,100,100,100,100,100,100,100,100,100,96.77,100,96.77,100,100,100,100,100,100,100,100,100,100,96.67,100,100,100,96.77,100,96.77,100,100,90.32,100,100,100,93.55,0,100,100,86.67,93.55,100,83.87,87.1,100,100,100,100,100,100,100,100,100,100,100,100,100,100,96.67,100,100,100,100,96.67,100,100,100,100,100,100,100,100,100,100,100,100,100,100,100,100,100,100,100,100,100,100,100,100,100,100,100,100,100,100,100,100,96.67,100,100,96.67,80.65,86.67,70.97,80.65,75,96.77,100,100,100,100,100,100,100,100,96.77,100,100,100,100,100,100,100,87.1,0,0,0,0,0,0,0,0,0,0,0,0,0,0,0,0,0,0,0,0,0,0,0,0,0,0,0,0,0,0,0,0,0,0,0,0,0,0,0,0,0,0,0,0,0,0,0,0,0,0,0,0,0,0,0,0,0,0,0,0,0,0,0,0
Stasiun Geofisika Kepahiang,0,0,0,0,0,0,0,0,0,0,0,0,0,0,0,0,0,0,0,0,0,0,0,0,0,0,0,0,0,0,0,0,0,0,0,0,0,0,0,0,0,0,0,0,0,0,0,0,0,0,0,0,0,0,0,0,0,0,0,0,0,0,0,0,0,0,0,0,0,0,0,0,0,0,0,0,0,0,0,0,0,0,0,0,0,0,0,0,0,0,0,0,0,0,0,0,0,0,0,0,0,0,0,0,0,0,0,0,0,0,0,0,0,0,0,0,0,0,0,0,0,0,0,0,0,0,0,0,0,0,0,0,67.74,80,100,100,100,100,93.33,90.32,100,100,100,100,100,100,100,96.77,100,100,100,90.32,100,100,100,100,93.55,100,100,100,100,100,100,0,93.33,100,100,100,100,100,100,100,100,100,100,100,100,100,54.84,100,96.77,26.67,0,0,0,0,0,0,0,0,0,0,0,0,0,0,0,0,0,0,0,0,0,0,0,0,0,0,0,0,0,0,0,0,0,0,0,0,0,0,0,0,0,0,0,0,0,0,0,0,0,0,0,0,0,0,0,0,0,0,0,0,0,0,0,0,0,0,0,0,0,0,0,0,0
Stasiun Geofisika Kupang,0,0,0,0,0,0,0,0,0,0,0,0,0,0,0,0,0,0,0,0,0,0,0,0,0,0,0,0,0,0,0,0,0,0,0,0,6.45,0,51.61,100,96.43,67.74,70,25.81,93.33,100,80.65,93.33,64.52,100,100,100,100,100,93.33,87.1,70,77.42,83.87,93.33,83.87,100,100,100,100,83.87,100,54.84,20,22.58,96.77,80,70.97,70,25.81,3.23,3.57,38.71,100,100,100,100,100,100,100,100,93.55,93.55,100,100,100,100,100,100,100,100,100,100,100,100,100,100,100,100,100,100,100,100,100,100,100,100,100,100,100,100,100,100,100,96.67,96.77,100,100,100,100,100,100,100,100,100,100,100,100,56.67,0,0,0,0,0,0,0,0,0,0,0,0,0,0,0,0,0,0,0,0,0,0,0,0,0,100,100,100,100,100,100,100,100,96.67,100,100,100,100,100,100,100,100,100,0,0,0,0,0,0,0,0,0,0,0,0,0,0,0,0,0,0,0,0,0,0,0,0,0,0,0,0,0,0,0,0,0,0,0,0,0,0,0,0,0,0,0,0,0,0,0,0,0,0,0,0,0,0,0,0,0,0,0,0,0,0,0,0,0,0,0,0,0,0,0,0,0,0,0,0,0,0
Stasiun Geofisika Lampung Utara,0,0,0,0,0,0,0,0,0,0,0,0,0,0,0,0,0,0,0,0,0,0,0,0,0,0,0,0,0,0,0,0,0,0,0,0,0,0,0,0,0,0,0,0,0,0,0,0,0,0,0,0,0,0,0,0,0,0,0,0,0,0,0,3.23,0,0,0,0,0,0,0,0,0,0,0,0,0,0,0,0,0,0,0,0,0,0,0,0,0,0,0,0,0,0,0,0,0,0,0,0,0,0,0,0,0,0,0,0,0,0,0,0,0,0,0,0,0,0,0,0,0,0,0,0,0,0,0,0,0,0,0,13.33,100,100,100,100,100,100,100,100,100,100,100,100,100,100,100,0,0,0,0,0,0,0,0,0,0,0,0,100,100,100,100,100,100,100,100,100,100,100,100,100,100,100,100,100,100,100,100,100,100,16.67,0,0,0,0,0,0,0,0,0,0,0,0,0,0,0,0,0,0,0,0,0,0,0,0,0,0,0,0,0,0,0,0,0,0,0,0,0,0,0,0,0,0,0,0,0,0,0,0,0,0,0,0,0,0,0,0,0,0,0,0,0,0,0,0,0,0,0,0,0,0,0,0,0
Stasiun Geofisika Malang,0,0,0,0,0,0,0,0,0,0,0,0,0,0,0,0,0,0,0,0,0,0,0,0,0,0,0,0,0,0,0,0,0,0,0,0,0,0,0,0,0,0,0,0,0,0,0,0,0,0,0,0,0,0,0,0,0,0,0,0,0,3.33,100,0,100,100,100,100,100,100,100,100,100,100,100,100,100,100,100,100,100,96.77,96.77,96.67,35.48,100,100,83.87,100,100,100,100,100,100,100,96.67,100,100,100,100,100,100,100,100,100,96.77,96.77,100,100,100,100,100,100,100,100,100,100,100,100,100,100,100,96.77,96.77,92.86,100,100,100,100,83.87,100,100,100,100,100,0,0,0,0,0,0,0,0,0,0,0,0,0,0,0,20,0,0,0,0,0,0,0,0,100,100,96.77,96.67,96.77,93.33,96.77,100,100,100,100,90.32,100,100,100,96.67,100,100,100,100,100,100,100,93.55,100,100,100,100,93.55,96.67,80.65,96.77,93.33,96.77,26.67,3.23,0,0,0,0,0,0,0,0,0,0,0,0,0,0,0,0,0,0,0,0,0,0,0,0,0,0,0,0,0,0,0,0,0,0,0,0,0,0,0,0,0,0,0,0,0,0,0,0,0,0,0,0,0,0,0,0,0,0,0,0
Stasiun Geofisika Maluku Tenggara Barat,0,0,0,0,0,0,0,0,0,0,0,0,0,0,0,0,0,0,0,0,0,0,0,0,0,0,0,0,0,0,0,0,0,0,0,0,0,0,0,0,0,0,0,0,0,0,0,0,0,0,0,0,0,0,0,0,0,0,0,0,0,0,0,0,0,0,0,0,0,0,0,0,0,0,0,0,0,0,0,0,0,0,0,0,0,0,0,0,0,0,0,0,0,0,0,0,0,0,0,0,0,0,0,0,0,0,0,0,0,0,0,0,0,0,0,0,0,19.35,19.35,0,0,96.67,0,100,100,93.55,0,100,0,0,0,0,0,0,0,0,100,96.77,0,0,0,0,0,0,0,0,0,0,0,0,0,0,0,0,0,0,3.23,63.33,100,100,100,45.16,0,67.74,100,96.77,100,96.67,100,100,100,96.77,100,100,96.67,100,100,100,96.77,100,96.77,96.67,93.55,93.55,82.14,87.1,96.67,80.65,90,83.87,70.97,0,0,0,0,0,0,0,0,0,0,0,0,0,0,0,0,0,0,0,0,0,0,0,0,0,0,0,0,0,0,0,0,0,0,0,0,0,0,0,0,0,0,0,0,0,0,0,0,0,0,0,0,0,0,0,0,0,0,0,0,0,0,0,0
Stasiun Geofisika Manado,0,0,0,0,0,0,0,0,0,0,0,0,0,0,0,0,0,0,0,0,0,0,0,0,0,0,0,0,0,0,0,0,0,0,0,0,0,0,0,0,0,0,0,0,0,0,0,0,0,0,0,0,0,0,0,0,0,0,0,0,0,0,0,0,0,0,0,0,0,0,0,0,0,0,0,0,78.57,100,100,100,100,100,100,93.33,83.87,100,100,0,0,0,0,0,0,0,0,0,0,0,0,0,0,0,73.33,100,100,100,100,100,96.77,16.67,0,100,100,100,93.33,93.55,100,100,100,100,100,100,96.77,100,100,100,100,100,100,93.55,96.77,100,90.32,53.33,0,96.77,92.86,100,90,100,63.33,77.42,100,13.33,0,0,0,0,0,0,0,0,0,0,0,0,0,0,0,0,0,0,0,0,40,93.55,100,100,100,93.33,100,100,100,100,93.33,93.55,96.67,45.16,0,0,0,0,0,0,0,0,0,0,0,0,0,0,0,0,0,0,0,0,0,0,0,0,0,0,0,0,0,0,0,0,0,0,0,0,0,0,0,0,0,0,0,0,0,0,0,0,0,0,0,0,0,0,0,0,0,0,0,0,0,0,0,0,0,0,0,0,0,0,0,0,0,0,0,0,0
Stasiun Geofisika Mataram,0,0,0,0,0,0,0,0,0,0,0,0,0,0,0,0,0,0,0,0,0,0,0,0,0,0,0,0,0,0,0,0,0,0,0,0,0,0,0,0,0,0,0,0,0,0,0,0,0,0,0,0,0,0,0,0,0,0,0,0,0,0,0,0,0,0,0,0,0,0,0,0,0,0,0,0,0,0,0,0,0,0,0,0,0,0,0,0,0,0,0,0,0,0,0,0,0,0,0,0,0,0,0,0,0,0,0,0,0,0,0,0,0,0,0,0,0,0,0,0,0,0,0,0,0,0,0,0,0,0,0,0,0,0,0,0,0,0,0,0,0,0,0,0,0,0,0,0,0,0,0,0,0,0,0,0,0,0,0,100,100,100,100,100,100,96.77,100,100,100,100,100,100,100,100,100,100,100,100,77.42,0,0,0,0,0,0,0,0,0,0,0,0,0,0,0,0,0,0,0,0,0,0,0,0,0,0,0,0,0,0,0,0,0,0,0,0,0,0,0,0,0,0,0,0,0,0,0,0,0,0,0,0,0,0,0,0,0,0,0,0,0,0,0,0,0,0,0,0,0,0,0,0,0,0,0,0
Stasiun Geofisika Nabire,0,0,0,0,0,0,0,0,0,0,0,0,0,0,0,0,0,0,0,0,0,0,0,0,0,0,0,0,0,0,0,0,0,0,0,0,0,0,0,0,0,0,0,0,0,0,0,0,0,0,0,0,0,0,0,0,0,0,0,0,0,0,0,0,0,0,0,0,0,0,0,0,0,0,0,0,0,0,0,0,0,0,0,0,0,0,0,0,0,0,0,0,0,0,0,0,0,0,0,0,0,0,0,0,0,0,0,0,0,0,0,0,0,0,0,0,0,0,0,0,0,0,0,0,0,0,0,0,0,0,0,0,0,0,0,0,0,0,0,0,0,0,0,0,0,0,0,0,0,0,0,0,0,0,0,0,0,0,0,0,0,0,0,0,0,0,0,0,0,0,0,0,0,0,0,0,0,0,0,0,0,0,0,0,0,0,0,0,0,0,0,0,0,0,0,0,0,0,0,0,0,0,0,0,0,0,0,0,0,0,0,0,0,0,0,0,0,0,0,0,0,0,0,0,0,0,0,0,0,0,0,0,0,0,0,0,0,0,0,0,0,0,0,0,0,0,0,0,0,0,0,0,0,0,0
Stasiun Geofisika Nganjuk,0,0,0,0,0,0,0,0,0,0,0,0,0,0,0,0,0,0,0,0,0,0,0,0,0,0,0,0,0,0,0,0,0,0,0,0,0,0,0,0,0,0,0,0,0,0,0,0,0,0,0,0,0,0,0,0,0,0,0,0,0,0,0,0,0,0,0,0,0,0,0,0,0,0,100,100,100,100,100,100,100,100,100,100,100,100,100,100,100,100,100,100,100,100,100,100,100,100,100,100,96.55,100,100,100,100,100,100,100,100,100,100,100,100,100,100,100,100,100,100,100,100,100,100,100,100,100,100,100,100,100,100,100,100,100,100,100,100,96.77,100,100,100,100,100,100,100,76.67,0,0,0,0,0,0,0,0,0,0,0,0,0,0,0,0,0,0,36.67,100,100,90,100,100,100,96.77,96.43,100,96.67,93.55,66.67,0,0,40,100,93.33,100,100,96.43,96.77,100,100,100,100,100,33.33,0,0,0,0,0,0,0,0,0,0,0,0,0,0,0,0,0,0,0,0,0,0,0,0,0,0,0,0,0,0,0,0,0,0,0,0,0,0,0,0,0,0,0,0,0,0,0,0,0,0,0,0,0,0,0,0,0,0,0,0,0,0,0
Stasiun Geofisika Padang Panjang,0,0,0,0,0,0,0,0,0,0,0,0,0,0,0,0,0,0,0,0,0,0,0,0,0,0,0,0,0,0,0,0,0,0,0,0,0,0,0,0,0,0,0,0,0,0,0,0,0,0,0,0,0,0,0,0,0,0,0,0,0,0,0,0,0,0,0,0,0,0,0,0,0,0,0,0,0,0,0,0,0,0,0,0,0,0,0,0,0,0,0,0,0,0,0,0,0,0,0,0,0,0,0,0,0,0,0,0,0,0,0,0,0,0,0,0,0,0,0,0,0,0,0,100,100,100,100,93.55,80,100,100,90,100,36.67,0,0,0,0,0,0,0,0,16.13,100,87.1,23.33,3.23,0,0,0,0,0,0,0,0,0,0,0,0,19.35,0,0,0,0,0,0,0,86.67,100,100,96.77,100,100,100,100,100,100,0,0,0,0,0,0,0,0,0,0,0,0,0,0,0,0,0,0,0,0,0,0,0,0,0,0,0,0,0,0,0,0,0,0,0,0,0,0,0,0,0,0,0,0,0,0,0,0,0,0,0,0,0,0,0,0,0,0,0,0,0,0,0,0,0,0,0,0,0,0,0,0,0,0,0,0,0,0
Stasiun Geofisika Palu,0,0,0,0,0,0,0,0,0,0,0,0,0,0,0,0,0,0,0,0,0,0,0,0,0,0,0,0,0,0,0,0,0,0,0,0,0,0,0,0,0,0,0,0,0,0,0,0,0,0,0,0,0,0,0,0,0,0,0,0,35.48,100,100,100,100,100,100,100,100,100,100,100,100,100,100,100,100,48.39,0,96.77,100,100,100,80,22.58,0,0,6.45,0,0,0,70.97,100,100,100,100,100,100,100,100,100,100,100,100,100,100,100,100,100,100,100,100,100,100,100,100,100,100,100,100,100,100,100,100,100,100,100,100,100,100,100,100,100,100,100,100,100,100,100,100,100,100,100,80,96.77,100,100,96.77,100,96.77,100,100,100,100,100,100,96.77,83.33,83.87,100,100,100,100,100,100,100,100,100,93.55,100,100,96.77,100,100,100,100,96.67,100,96.77,90,83.87,80,100,100,100,100,100,100,100,100,80.65,0,0,0,0,0,0,0,0,0,0,0,0,0,0,0,0,0,0,0,0,0,0,0,0,0,0,0,0,0,0,0,0,0,0,0,0,0,0,0,0,0,0,0,0,0,0,0,0,0,0,0,0,0,0,0,0,0,0,0,0,0,0,0,0
Stasiun Geofisika Pasuruan,0,0,0,0,0,0,0,0,0,0,0,0,0,0,0,0,0,0,0,0,0,0,0,0,0,0,0,0,0,0,0,0,0,0,0,0,0,0,0,0,0,0,0,0,0,0,0,0,0,0,0,0,0,0,0,0,0,0,0,46.67,100,100,100,100,100,100,100,100,100,100,100,100,96.77,13.33,0,0,100,74.19,100,96.77,96.67,100,96.77,100,83.87,80,93.55,100,100,100,93.33,93.55,56.67,67.74,100,93.33,74.19,0,0,0,0,0,0,0,0,0,0,0,0,0,0,100,100,96.77,0,0,0,0,0,0,0,0,0,96.77,96.43,96.77,100,100,93.33,100,93.55,100,100,100,100,100,100,100,96.67,96.77,96.67,100,100,100,100,100,100,100,100,96.77,20,0,0,0,0,40,61.29,0,0,0,0,0,0,0,0,100,100,100,100,100,100,100,100,100,100,100,100,100,100,100,100,100,100,100,100,100,100,100,100,100,100,100,100,36.67,0,0,0,0,0,0,0,0,0,0,0,0,0,0,0,0,0,0,0,0,0,0,0,0,0,0,0,0,0,0,0,0,0,0,0,0,0,0,0,0,0,0,0,0,0,0,0,0,0,0,0,0,0,0,0,0,0,0,0,0,0
Stasiun Geofisika Sleman,0,0,0,0,0,0,0,0,0,0,0,0,0,0,0,0,0,0,0,0,0,0,0,0,0,0,0,0,0,0,0,0,0,0,0,0,0,0,0,0,0,0,0,0,0,0,0,0,0,0,0,0,0,0,0,0,0,0,0,40,100,100,100,96.77,100,100,100,100,100,100,100,100,90.32,100,100,100,96.43,100,100,100,100,100,100,100,100,100,100,100,100,96.77,96.67,51.61,26.67,100,87.1,86.67,100,100,100,100,100,100,96.67,93.55,100,100,87.1,100,100,100,100,96.77,100,100,100,70.97,100,100,100,100,100,100,100,100,100,100,100,100,100,100,100,100,96.77,100,100,100,100,100,100,22.58,96.67,87.1,100,100,100,100,96.77,100,100,100,100,96.77,100,100,100,100,100,100,96.77,90.32,100,100,100,96.77,100,100,100,100,100,100,100,100,100,100,100,100,100,100,100,100,6.45,0,0,0,0,0,0,0,0,0,0,0,0,0,0,0,0,0,0,0,0,0,0,0,0,0,0,0,0,0,0,0,0,0,0,0,0,0,0,0,0,0,0,0,0,0,0,0,0,0,0,0,0,0,0,0,0,0,0,0,0,0,0,0,0,0,0,0,0,0,0,0,0,0,0
Stasiun Geofisika Sorong,0,0,0,0,0,0,0,0,0,0,0,0,0,0,0,0,0,0,0,0,0,0,0,0,0,0,0,0,0,0,0,0,0,0,0,0,0,0,0,0,0,0,0,0,0,0,0,0,0,0,0,0,0,0,0,0,0,3.23,3.23,0,32.26,100,100,100,100,100,100,100,100,100,100,100,100,100,100,100,100,100,100,100,100,100,100,100,100,100,100,100,100,100,100,100,100,100,100,100,100,100,100,100,100,100,100,100,100,100,100,100,100,100,100,100,100,100,100,100,100,100,100,100,100,100,100,100,100,100,100,100,100,100,96.77,96.67,100,100,100,100,100,100,100,96.77,100,100,100,100,100,0,0,100,100,22.58,100,100,100,100,100,100,96.77,100,100,100,100,100,90,100,100,100,100,100,100,100,100,100,100,100,100,93.55,86.67,74.19,0,0,0,0,0,0,0,0,0,0,0,0,0,0,0,0,0,0,0,0,0,0,0,0,0,0,0,0,0,0,0,0,0,0,0,0,0,0,0,0,0,0,0,0,0,0,0,0,0,0,0,0,0,0,0,0,0,0,0,0,0,0,0,0,0,0,0,0,0,0,0,0,0,0,0,0,0
Stasiun Geofisika Sumba Timur,0,0,0,0,0,0,0,0,0,0,0,0,0,0,0,0,0,0,0,0,0,0,0,0,0,0,0,0,0,0,0,0,0,0,0,0,100,100,100,100,100,100,100,100,100,100,100,100,100,100,100,100,100,22.58,0,0,0,0,0,0,0,0,9.68,100,100,100,100,100,100,100,100,100,100,100,100,100,100,100,100,100,100,100,100,100,96.77,100,100,100,100,100,96.67,54.84,96.67,100,96.77,100,100,100,100,100,100,100,100,100,100,100,100,100,96.77,100,70.97,100,100,100,100,100,100,100,100,100,87.1,100,93.55,100,100,100,96.67,100,100,100,100,100,100,100,100,100,100,100,100,100,100,100,100,100,100,100,100,100,100,100,100,100,100,100,100,100,100,100,100,100,100,100,100,100,100,100,90.32,90,100,90,100,100,100,100,100,100,96.67,0,0,0,0,0,0,0,0,0,0,0,0,0,0,0,0,0,0,0,0,0,0,0,0,0,0,0,0,0,0,0,0,0,0,0,0,0,0,0,0,0,0,0,0,0,0,0,0,0,0,0,0,0,0,0,0,0,0,0,0,0,0,0,0,0,0,0,0,0,0,0,0,0,0,0,0,0,0
Stasiun Geofisika Tangerang,0,0,0,0,0,0,0,0,0,0,0,0,0,0,0,0,0,0,0,0,0,0,0,0,0,0,0,0,0,0,0,0,0,0,0,0,0,0,0,0,0,0,0,0,0,0,0,0,0,0,0,0,0,0,0,0,0,0,0,0,58.06,100,100,96.77,78.57,100,93.33,100,100,100,100,100,100,93.33,83.87,90.32,100,96.77,100,93.55,96.67,96.77,100,100,96.77,100,100,100,100,100,100,100,96.67,100,96.77,100,90.32,100,96.77,100,100,100,100,96.77,100,100,93.55,96.67,100,100,100,0,53.57,100,100,100,100,100,100,100,100,100,100,100,100,100,100,100,100,100,100,100,100,100,100,100,100,100,96.67,100,100,93.55,100,100,100,100,100,100,100,0,0,0,0,0,41.94,100,100,100,96.77,96.77,96.43,100,100,3.23,100,100,90.32,96.67,93.55,90,93.55,83.87,89.29,87.1,96.67,93.55,86.67,100,96.77,96.67,77.42,86.67,100,100,100,61.29,0,0,0,0,0,0,0,0,0,0,0,0,0,0,0,0,0,0,0,0,0,0,0,0,0,0,0,0,0,0,0,0,0,0,0,0,0,0,0,0,0,0,0,0,0,0,0,0,0,0,0,0,0,0,0,0,0,0,0,0,0,0,0,0,0,0,0,0,0
Stasiun Geofisika Ternate,0,0,0,0,0,0,0,0,0,0,0,0,0,0,0,0,0,0,0,0,0,0,0,0,0,0,0,0,0,0,0,0,0,0,0,0,0,0,0,0,0,0,0,0,0,0,0,0,0,0,0,0,0,0,0,0,0,0,0,0,0,0,0,0,0,0,0,0,0,0,0,0,0,0,0,0,0,0,0,0,0,96.77,70.97,100,100,100,100,100,100,87.1,100,100,100,100,100,93.33,100,100,100,100,100,100,100,100,90,96.77,100,100,100,100,96.77,100,100,100,80,100,100,100,100,50,80.65,96.67,100,100,100,100,100,100,100,100,100,100,100,100,100,100,100,100,100,100,100,93.55,96.77,100,80.65,100,100,100,17.24,0,26.67,100,100,100,100,100,100,90,100,100,100,100,100,100,100,100,100,100,100,93.33,100,100,100,100,100,100,100,100,100,100,100,100,100,100,100,100,100,96.77,86.67,74.19,93.55,43.33,58.06,0,0,0,0,0,0,0,0,0,0,0,0,0,0,0,0,0,0,0,0,0,0,0,0,0,0,0,0,0,0,0,0,0,0,0,0,0,0,0,0,0,0,0,0,0,0,0,0,0,0,0,0,0,0,0,0,0,0,0,0,0,0
Stasiun Klimatologi Bali,0,0,0,0,0,0,0,0,0,0,0,0,0,0,0,0,0,0,0,0,0,0,0,0,0,0,0,0,0,0,0,0,0,0,0,0,0,0,0,0,0,0,0,0,0,0,0,0,0,0,0,0,0,0,0,0,0,0,0,0,0,0,0,0,0,0,0,0,0,0,0,0,0,0,0,0,0,0,0,0,0,0,0,0,0,0,0,0,0,0,0,0,0,0,0,0,0,0,0,0,0,0,0,0,0,0,0,0,0,0,0,0,0,0,0,0,0,0,0,0,0,0,0,0,0,0,0,0,0,0,0,0,0,0,0,0,0,0,0,0,0,0,0,0,0,0,0,0,0,0,0,9.68,0,0,0,0,0,3.33,100,100,100,100,100,100,73.33,83.87,100,100,100,100,100,100,100,83.87,100,100,100,70.97,93.55,80,96.77,100,96.77,100,100,77.42,0,29.03,100,87.1,96.77,96.67,100,100,100,100,100,100,86.67,100,100,93.55,90.32,100,93.55,76.67,64.52,100,60.71,100,96.67,45.16,0,0,0,0,25.81,86.67,87.1,90.32,100,96.77,100,100,100,90.32,96.77,43.33,0,0,0,0,0,0,0,0,0,0,0,0,0,0,0,0,0,0,0,0,0,0,0,0,0,0,0
Stasiun Klimatologi Bengkulu,0,0,0,0,0,0,0,0,0,0,0,0,0,0,0,0,0,0,0,0,0,0,0,0,0,0,0,0,0,0,0,0,0,0,0,0,0,0,0,0,0,0,0,0,0,0,0,0,0,0,0,0,0,0,0,0,0,0,0,0,0,0,0,0,0,0,0,0,0,0,0,0,0,0,0,0,0,0,0,0,0,0,0,0,0,0,90.32,83.87,89.29,96.77,100,74.19,83.33,93.55,90.32,90,90.32,100,96.77,100,100,96.77,90,100,100,90.32,100,100,100,100,100,100,100,100,100,100,100,100,100,100,48.39,70,100,100,100,74.19,100,100,50,100,96.77,90,100,93.33,100,100,78.57,74.19,53.33,0,0,0,0,0,0,23.33,0,0,0,0,100,96.77,33.33,83.87,100,100,100,100,100,96.77,100,100,100,100,100,100,100,100,87.1,100,100,96.77,82.14,87.1,100,100,50,100,100,100,100,100,96.77,100,100,100,100,100,100,100,100,100,77.42,100,100,100,100,100,96.67,96.77,100,74.19,100,100,96.77,96.67,100,96.77,100,100,83.33,100,100,74.19,100,100,83.87,100,100,100,100,100,100,100,93.33,100,48.39,93.33,0,0,0,0,0,0,0,0,0,0,0,0,0,0,0,0,0,0,0,0,0,0,0,0,0,0,0
Stasiun Klimatologi Jawa Barat,0,0,0,0,0,0,0,0,0,0,0,0,0,0,0,0,0,0,0,0,0,0,0,0,0,0,0,0,0,0,0,0,0,0,0,0,0,0,0,0,0,0,0,0,0,0,0,0,0,0,0,0,0,0,0,0,0,0,0,0,0,0,0,0,0,0,0,0,0,0,0,0,0,0,0,0,0,0,0,0,0,0,0,0,0,0,0,0,0,0,0,0,0,0,0,0,0,0,0,0,0,0,0,0,0,0,0,0,0,0,0,0,0,0,0,0,0,0,0,0,0,0,0,0,0,0,0,0,0,0,0,0,0,0,0,0,0,0,0,0,0,0,0,0,0,0,0,0,0,0,0,0,0,0,0,0,0,0,0,0,0,0,0,0,0,0,0,0,100,90,54.84,58.06,100,64.52,96.67,100,100,100,96.77,100,100,96.67,100,100,100,93.55,100,100,100,100,100,100,100,96.67,96.77,100,100,93.55,100,100,100,100,100,100,100,100,100,100,100,100,100,100,93.33,96.77,58.06,0,0,0,0,0,0,0,0,0,0,0,0,0,0,0,0,0,0,0,0,0,0,0,0,0,0,0,0,0,0,0,0,0,0,0,0,0,0,0,0
Stasiun Klimatologi Jawa Tengah,0,0,0,0,0,0,0,0,0,0,0,0,0,0,0,0,0,0,0,0,0,0,0,0,0,0,0,0,0,0,0,0,0,0,0,0,0,0,0,54.84,0,0,0,0,0,0,0,0,0,0,0,0,0,0,0,0,0,0,0,0,0,0,0,0,0,0,0,0,0,0,0,0,0,0,0,0,0,0,0,0,0,0,0,0,0,0,0,0,0,0,0,0,0,0,0,0,0,0,0,90.32,100,54.84,96.67,100,100,74.19,100,80,100,76.67,74.19,100,100,74.19,93.33,93.55,73.33,96.77,77.42,100,54.84,100,100,90.32,89.29,74.19,60,83.87,96.67,48.39,48.39,56.67,100,90,100,96.77,100,100,100,100,100,58.06,38.71,53.33,90.32,86.67,74.19,0,0,0,0,96.77,93.33,77.42,93.55,100,87.1,83.33,100,100,3.57,0,0,0,30,100,80.65,96.67,96.77,100,100,100,96.43,100,96.67,100,100,80.65,96.77,96.67,96.77,100,100,100,100,100,100,100,100,100,100,86.67,100,100,100,100,93.1,100,100,100,100,100,100,96.67,83.87,96.67,100,100,100,100,100,100,100,64.52,35.48,0,51.61,96.67,93.55,100,75,100,73.33,100,100,100,35.48,0,0,0,0,0,0,0,0,0,0,0,0,0,0,0,0,0,0,0,0,0,0,0,0,0,0,0,0
Stasiun Klimatologi Sumatera Selatan,0,0,0,0,0,0,0,0,0,0,0,0,0,0,0,0,0,0,0,0,0,0,0,0,0,0,0,0,0,0,0,0,0,0,0,0,0,0,0,0,0,0,0,0,0,0,0,0,0,0,0,0,0,0,0,0,0,0,0,0,0,0,0,0,0,0,0,0,0,0,0,0,0,0,0,0,0,0,0,0,0,0,0,0,0,0,0,0,0,0,0,0,0,0,0,0,16.13,100,100,96.77,100,100,100,100,100,100,100,100,100,100,100,100,100,100,100,100,100,100,100,90,87.1,100,100,100,96.43,100,100,100,100,100,100,100,100,100,90.32,96.77,100,100,100,100,80,0,0,0,0,0,0,0,0,0,0,0,3.33,0,0,0,0,0,0,96.77,100,87.1,100,100,100,100,100,100,100,100,96.77,100,100,90.32,100,96.77,100,100,96.77,93.33,93.55,100,100,100,100,93.55,100,100,100,100,100,100,100,100,100,100,100,96.77,100,96.77,100,100,100,100,100,100,100,100,100,100,100,100,100,100,100,53.33,0,0,0,0,0,0,0,0,0,0,0,0,0,0,0,0,0,0,0,0,0,0,0,0,0,0,0,0,0,0,0,0,0,0,0,0,0,0,0
Stasiun Meteorologi Andi Jemma,0,0,0,0,0,0,0,0,0,0,0,0,0,0,0,0,0,0,0,0,0,0,0,0,0,0,0,0,0,0,0,0,0,0,0,0,0,0,0,0,0,0,0,0,0,0,0,0,0,0,0,0,0,0,0,0,0,0,0,0,0,0,0,0,0,0,0,0,0,0,0,0,0,0,0,0,0,0,0,0,0,0,0,0,0,0,0,0,0,0,0,0,0,0,0,0,0,0,0,0,0,0,3.33,90.32,100,96.77,100,100,93.55,90,100,100,89.29,100,100,96.77,100,67.74,80.65,93.33,51.61,96.67,100,90.32,100,87.1,100,74.19,93.33,100,100,86.67,80.65,70,80.65,61.29,53.57,38.71,16.67,93.55,100,100,96.77,46.67,0,0,0,0,0,0,0,0,0,0,0,0,0,0,16.13,0,46.43,54.84,43.33,19.35,90,41.94,100,100,100,86.67,54.84,96.77,100,93.55,50,100,90,100,83.87,100,96.77,100,74.19,80.65,96.43,87.1,56.67,87.1,86.67,77.42,90.32,93.33,80.65,93.33,83.87,93.55,96.55,96.77,93.33,96.77,100,80.65,96.77,20,0,0,0,0,0,0,0,0,0,0,0,0,0,0,0,0,0,0,0,0,0,0,0,0,0,0,0,0,0,0,0,0,0,0,0,0,0,0,0,0,0,0,0,0,0,0,0,0,0,0,0
Stasiun Meteorologi Beringin,0,0,0,0,0,0,0,0,0,0,0,0,0,0,0,0,0,0,0,0,0,0,0,0,0,0,0,0,0,0,0,0,0,12.9,100,100,100,100,100,100,100,100,100,100,100,100,100,100,100,100,100,100,100,100,100,100,100,100,100,100,100,100,100,100,100,100,100,100,100,100,100,100,100,100,100,100,100,100,100,100,100,100,100,100,100,100,100,100,100,100,100,100,100,100,100,96.67,100,100,100,100,100,100,100,100,100,100,100,73.33,100,100,100,100,100,100,100,100,100,100,100,100,100,100,100,100,100,100,100,100,100,100,100,100,100,100,100,100,100,100,83.33,83.87,100,100,100,100,100,80,0,100,100,100,100,100,100,100,100,100,100,100,100,0,0,0,0,25.81,96.67,90.32,96.77,93.33,90.32,100,93.55,96.77,100,100,100,100,96.67,96.77,96.77,86.67,100,100,96.77,100,100,100,96.67,96.77,93.33,100,100,100,100,100,96.77,100,100,100,100,90.32,96.67,100,100,100,100,100,100,100,100,96.77,100,87.1,100,100,100,100,100,100,16.13,0,0,0,0,0,0,0,0,0,0,0,0,0,0,0,0,0,0,0,0,0,0,0,0,0,0,0,0,0,0,0,0,0,0,0,0
Stasiun Meteorologi Depati Amir,0,0,0,0,0,0,0,0,0,0,0,0,0,0,0,0,0,0,0,0,0,0,0,0,0,0,0,0,0,0,0,0,0,0,0,0,0,0,0,0,0,0,0,0,0,0,0,0,0,0,0,0,0,0,0,0,0,0,0,0,0,0,0,0,0,0,0,0,0,0,0,0,0,0,0,0,0,0,0,0,0,0,0,0,0,0,0,0,0,0,0,0,0,0,0,0,0,0,0,0,0,0,0,0,0,0,0,0,0,0,0,0,0,0,0,0,0,0,0,0,0,0,0,0,0,0,0,0,0,0,0,0,0,0,0,0,0,0,0,0,0,0,0,0,0,0,0,0,0,0,0,0,0,0,0,0,0,10,87.1,67.74,92.86,77.42,76.67,96.77,100,100,96.77,90,87.1,90,93.55,100,100,100,93.33,100,93.33,96.77,100,100,100,100,93.55,93.55,96.43,87.1,76.67,100,96.67,100,96.77,100,90.32,100,87.1,96.77,82.76,96.77,100,100,100,96.77,100,100,100,100,74.19,96.77,96.43,100,100,100,100,100,100,100,80.65,0,0,0,0,0,0,0,0,0,0,0,0,0,0,0,0,0,0,0,0,0,0,0,0,0,0,0,0,0,0,0,0,0,0,0,0,0,0
Stasiun Meteorologi Depati Parbo,0,0,0,0,0,0,0,0,0,0,0,0,0,0,0,0,0,0,0,0,0,0,0,0,0,0,0,0,0,0,0,0,0,0,0,0,0,0,0,0,0,0,0,0,0,0,0,0,0,0,0,0,0,0,0,0,0,0,0,0,0,0,0,0,0,0,0,0,0,0,0,0,0,0,0,0,0,0,0,0,0,0,0,0,0,0,0,0,0,0,0,0,0,0,0,0,0,0,0,0,0,0,0,0,0,0,0,0,0,0,0,0,0,0,0,0,0,0,0,0,0,46.67,100,0,100,0,100,96.77,100,100,100,100,100,96.67,93.55,100,100,87.1,100,80.65,100,100,96.77,100,100,90,3.23,0,0,0,0,0,0,0,0,0,0,66.67,100,100,100,100,96.67,96.77,100,100,100,93.33,100,90,96.77,6.45,0,0,0,0,0,0,0,0,0,0,0,0,0,0,0,0,30,83.87,70.97,96.67,100,93.33,64.52,96.77,93.1,51.61,96.67,100,46.67,100,90.32,100,100,96.67,32.26,0,0,0,0,0,0,0,0,0,9.68,0,0,0,0,0,0,0,0,0,0,0,0,0,0,0,0,0,0,0,0,0,0,0,0,0,0,0,0,0,0,0,0,0,0,0,0,0,0
Stasiun Meteorologi Frans Kaisiepo,0,0,0,0,0,0,0,0,0,0,0,0,0,0,0,0,0,0,0,0,0,0,0,0,0,0,0,0,0,0,0,0,0,0,0,0,0,0,0,0,0,0,0,0,0,0,0,0,0,0,0,0,0,0,0,0,0,0,0,0,0,0,0,0,0,0,0,0,0,0,0,0,0,0,0,0,0,0,0,0,0,0,0,0,0,0,0,0,0,0,0,0,0,0,0,0,0,0,0,0,0,0,0,0,0,0,0,0,0,0,0,0,0,0,0,0,0,0,0,0,0,0,0,0,0,0,0,0,0,0,0,0,0,0,0,0,0,0,0,0,0,0,0,0,0,73.33,80.65,80.65,100,100,80,83.87,96.67,67.74,96.77,100,90.32,100,100,96.77,96.43,93.55,76.67,87.1,80,54.84,87.1,96.67,96.77,93.33,100,100,100,100,100,100,100,100,100,100,96.77,100,64.52,100,85.71,90.32,93.33,100,100,100,0,13.33,0,100,100,100,100,100,100,83.87,100,100,100,96.67,100,100,96.77,100,96.43,87.1,93.33,61.29,40,29.03,45.16,43.33,54.84,40,100,70.97,60.71,67.74,0,0,0,0,0,0,0,0,0,0,0,0,0,0,0,0,0,0,0,0,0,0,0,0,0,0,0,0,0,0,0,0,0
Stasiun Meteorologi Frans Sales Lega,0,0,0,0,0,0,0,0,0,0,0,0,0,0,0,0,0,0,0,0,0,0,0,0,0,0,0,0,0,0,0,0,0,0,0,0,0,0,0,0,0,0,0,0,0,0,0,0,0,0,0,0,0,0,0,0,0,0,0,0,0,0,0,0,0,0,0,0,0,0,0,0,0,0,0,0,0,0,0,0,0,0,0,0,0,0,0,0,0,0,0,0,0,0,0,0,0,0,0,0,0,0,0,0,0,0,0,0,0,0,0,0,0,0,0,0,0,0,0,0,0,0,3.23,100,100,96.77,100,100,93.33,83.87,0,0,0,0,0,0,0,0,0,0,0,0,0,0,96.77,60,0,0,0,0,0,0,0,0,0,0,0,0,80.65,100,96.43,93.55,96.67,93.55,100,100,83.87,80,96.77,60,58.06,45.16,92.86,96.77,70,61.29,90,96.77,87.1,63.33,67.74,100,96.77,93.55,85.71,96.77,100,96.77,83.33,93.55,83.87,56.67,12.9,53.33,58.06,70.97,68.97,100,70,45.16,86.67,100,74.19,96.67,90.32,80,83.87,87.1,92.86,93.55,93.33,93.55,100,100,100,100,96.77,100,96.77,100,100,100,56.67,0,0,0,0,0,0,0,0,0,0,0,0,0,0,0,0,0,0,0,0,0,0,0,0,0,0,0,0,0,0,0,0
Stasiun Meteorologi Fransiskus Xaverius Seda,0,0,0,0,0,0,0,0,0,0,0,0,0,0,0,0,0,0,0,0,0,0,0,0,0,0,0,0,0,0,0,0,0,0,0,0,0,0,0,0,0,0,0,0,0,0,0,0,0,0,0,0,0,0,0,0,0,0,0,0,0,0,0,0,0,0,0,0,0,0,0,0,0,0,0,0,0,0,0,0,0,0,0,0,0,6.67,12.9,6.45,7.14,0,13.33,6.45,6.67,83.87,93.55,90,96.77,93.33,80.65,87.1,96.55,83.87,60,48.39,36.67,41.94,45.16,10,0,30,96.77,96.77,89.29,93.55,46.67,32.26,63.33,38.71,67.74,0,16.13,0,0,0,0,0,0,0,0,0,0,0,3.23,100,90.32,87.1,96.43,96.77,96.67,0,0,0,0,0,0,0,0,0,0,0,0,0,0,0,0,0,0,0,0,0,0,0,0,0,0,0,0,36.67,6.45,0,0,0,50,93.55,90,100,100,100,100,100,87.1,100,100,100,100,93.55,93.33,100,93.33,77.42,100,100,51.61,0,90.32,83.87,93.1,100,13.33,100,63.33,100,100,100,96.77,100,87.1,87.1,100,100,100,100,96.67,100,100,100,41.94,0,0,0,0,0,0,0,0,0,0,0,0,0,0,0,0,0,0,0,0,0,0,0,0,0,0,0,0,0,0,0,0,0,0,0,0,0,0
Stasiun Meteorologi H. Asan Hananjoedin,0,0,0,0,0,0,0,0,0,0,0,0,0,0,0,0,0,0,0,0,0,0,0,0,0,0,0,0,0,0,0,0,0,0,0,0,0,0,0,0,0,0,0,0,0,0,0,0,0,0,0,0,0,0,0,0,0,0,0,0,0,0,0,0,0,0,0,0,0,0,0,0,0,0,0,0,0,0,0,0,0,0,0,0,0,0,0,0,0,0,0,0,0,0,0,0,0,0,0,0,0,0,0,0,0,0,0,0,0,0,0,0,0,0,0,0,0,0,0,0,0,0,0,0,0,0,0,0,0,0,0,0,0,0,0,0,0,0,0,0,0,0,0,0,0,0,0,0,0,0,0,0,0,0,0,0,0,0,0,0,0,0,0,0,0,0,0,0,0,0,0,0,0,0,0,0,0,0,0,0,0,0,0,0,0,0,0,0,0,0,0,0,0,0,0,0,0,0,0,100,100,100,100,93.33,64.52,0,0,0,0,0,0,0,0,0,0,0,0,0,0,0,0,0,0,0,0,0,0,0,0,0,0,0,0,0,0,0,0,0,0,0,0,0,0,0,0,0,0,0,0,0,0,0,0,0,0
Stasiun Meteorologi Hang Nadim,0,0,0,0,0,0,0,0,0,0,0,0,0,0,0,0,0,0,0,0,0,0,0,0,0,0,0,0,0,0,0,0,0,0,0,0,0,0,0,0,0,0,0,0,0,0,0,0,0,0,0,0,0,0,0,0,0,0,0,0,0,0,58.06,100,100,100,100,100,100,100,100,100,100,96.67,100,100,100,100,100,100,100,100,96.77,100,93.55,100,100,93.55,100,90.32,100,100,96.67,100,100,100,100,100,100,100,100,83.87,100,100,100,100,100,100,96.77,100,100,100,100,87.1,100,100,100,96.77,100,100,100,83.33,6.45,100,100,100,100,48.39,0,0,0,0,0,0,0,58.06,100,100,100,100,93.33,100,100,100,100,100,100,93.55,100,77.42,43.33,16.13,0,32.26,74.19,96.67,100,100,100,100,100,74.19,100,100,96.67,100,100,100,100,100,100,100,100,100,100,93.55,100,100,100,100,100,100,100,100,100,100,100,100,100,100,100,100,100,100,100,100,100,100,100,87.1,66.67,96.77,93.55,93.33,83.87,93.33,100,100,100,100,100,100,70,100,100,96.67,83.87,70,25.81,29.03,0,0,0,0,0,0,0,0,0,0,0,0,0,0,0,0,0,0,0,0,0,0,0,0,0,0,0,0,0,0,0,0,0,0,0
Stasiun Meteorologi Iskandar,0,0,0,0,0,0,0,0,0,0,0,0,0,0,0,0,0,0,0,0,0,0,0,0,0,0,0,0,0,0,0,0,0,0,0,0,0,0,0,0,0,0,0,0,0,0,0,0,0,0,0,0,0,0,0,0,0,0,0,0,0,0,0,0,0,0,0,0,0,0,0,0,0,0,0,0,0,0,0,0,0,0,0,0,0,0,0,0,0,0,0,0,0,0,0,0,0,0,0,0,0,0,0,0,0,0,0,0,0,0,0,0,0,0,0,0,0,0,0,0,25.81,100,100,100,92.86,100,100,93.55,96.67,100,100,96.67,96.77,96.67,100,100,100,96.77,96.67,93.55,100,96.77,100,100,0,0,0,0,0,0,0,0,0,0,0,0,0,0,0,0,0,0,6.67,0,0,100,100,100,100,93.33,96.77,100,100,100,100,100,100,100,100,100,100,100,100,100,100,100,100,100,100,100,100,100,96.77,100,93.55,100,96.55,100,100,100,100,100,100,100,100,96.67,12.9,0,0,0,0,0,0,0,0,0,0,0,0,0,0,0,0,0,0,0,0,0,0,0,0,0,0,0,0,0,0,0,0,0,0,0,0,0,0,0,0,0,0,0,0,0,0,0,0
Stasiun Meteorologi Kalimarau,0,0,0,0,0,0,0,0,0,0,0,0,0,0,0,0,0,0,0,0,0,0,0,0,0,0,0,0,0,0,0,0,0,0,0,0,0,0,0,0,0,0,0,0,0,0,0,0,0,0,0,0,0,0,0,0,0,0,0,0,0,0,0,0,0,0,0,0,0,0,0,0,0,0,0,0,0,0,0,0,0,0,0,0,0,0,0,0,0,0,0,0,0,0,0,0,0,0,0,0,0,0,0,0,0,0,0,0,0,0,0,0,0,0,0,0,0,0,0,0,0,0,0,0,0,0,0,0,0,0,0,0,0,0,0,0,0,0,0,0,0,0,0,0,0,0,0,0,0,0,0,0,0,0,0,0,0,0,0,0,0,0,0,0,0,0,0,0,0,0,0,0,0,0,0,0,0,0,0,0,0,0,0,0,0,0,0,0,0,0,0,0,0,0,0,0,0,0,0,0,0,0,0,0,0,0,0,0,0,0,0,0,0,0,0,0,0,0,0,0,0,0,0,0,0,0,0,0,0,0,0,0,0,0,0,0,0,0,0,0,0,0,0,0,0,0,0,0,0,0,0,0,0,0,0
Stasiun Meteorologi Kertajati,0,0,0,0,0,0,0,0,0,0,0,0,0,0,0,0,0,0,0,0,0,0,0,0,0,0,0,0,0,0,0,0,0,0,0,0,0,0,0,0,0,0,0,0,0,0,0,0,0,0,0,0,0,0,0,0,0,0,0,0,0,0,0,0,0,0,0,0,0,0,0,0,0,0,0,0,0,0,0,0,0,0,0,0,0,0,0,0,0,0,0,0,0,0,0,0,0,0,0,0,0,0,0,0,0,0,0,0,0,0,0,0,0,0,0,0,0,0,0,0,0,0,0,0,0,0,0,0,0,0,0,0,0,0,0,0,0,0,0,0,0,0,0,0,0,0,0,0,0,0,0,0,0,0,0,0,0,0,0,0,0,0,0,0,0,0,0,0,0,0,0,0,0,0,0,0,0,0,0,0,0,0,0,0,0,0,0,0,0,0,0,0,0,0,0,0,0,0,0,0,0,0,0,0,0,0,0,0,0,0,0,0,0,0,0,0,0,0,0,0,0,0,0,0,0,0,0,0,0,0,0,0,0,0,0,0,0,0,0,0,0,0,0,0,0,0,0,0,0,0,0,0,0,0,0
Stasiun Meteorologi Maritim Bitung,0,0,0,0,0,0,0,0,0,0,0,0,0,0,0,0,0,0,0,0,0,0,0,0,0,0,0,0,0,0,0,0,0,0,0,0,0,0,0,0,0,0,0,0,0,0,0,0,0,0,0,0,0,0,0,0,0,0,0,0,0,0,0,0,0,0,0,0,0,0,0,0,0,0,0,0,0,0,0,0,0,0,0,0,0,0,0,0,0,0,0,0,0,0,0,0,3.23,66.67,93.55,100,100,100,96.67,100,100,100,77.42,83.33,100,100,100,100,92.86,100,96.67,100,100,0,93.55,96.67,100,73.33,87.1,96.77,82.14,0,63.33,87.1,100,96.77,100,100,80.65,100,100,100,100,51.61,83.33,100,66.67,0,0,0,0,0,0,0,0,0,0,0,0,0,0,0,90.32,83.33,83.87,0,0,0,0,0,0,0,0,0,0,0,0,96.77,100,96.77,100,100,100,100,100,100,100,86.67,100,100,96.43,96.77,100,87.1,93.33,96.77,93.55,93.33,87.1,80,45.16,100,100,93.55,93.33,48.39,60,100,100,96.67,45.16,63.33,96.77,100,100,100,90,48.39,40,100,87.1,96.67,70.97,0,0,100,100,77.42,0,0,0,0,0,0,0,0,0,0,0,0,0,0,0,0,0,0,0,0,0,0,0,0,0,0,0,0,0,0,0,0,0
Stasiun Meteorologi Mopah,0,0,0,0,0,0,0,0,0,0,0,0,0,0,0,0,0,0,0,0,0,0,0,0,0,0,0,0,0,0,0,0,0,0,0,0,0,0,0,0,0,0,0,0,0,0,0,0,0,0,0,0,0,0,0,0,0,0,0,0,0,0,0,0,0,0,0,0,0,0,0,0,0,0,0,0,0,0,0,0,0,0,0,0,0,0,0,0,0,0,0,0,0,0,0,0,0,0,0,0,0,0,10,93.55,40,0,0,0,0,0,0,0,71.43,90.32,86.67,90.32,100,70.97,77.42,90,9.68,10,0,96.77,57.14,80.65,100,100,76.67,70.97,6.45,93.33,41.94,13.33,41.94,12.9,60.71,0,80,100,30,0,0,0,0,6.67,0,0,0,0,0,0,0,0,0,0,0,0,0,0,0,100,96.67,96.77,76.67,0,0,0,80.65,90,100,100,100,100,100,100,83.33,19.35,0,50,87.1,100,96.77,100,75,90.32,100,96.77,100,93.55,80.65,73.33,83.87,36.67,100,83.87,100,100,100,100,96.67,90.32,38.71,30,93.55,83.33,100,100,100,96.77,93.33,93.55,100,90.32,100,100,100,100,96.77,100,71.43,0,0,0,0,0,0,0,0,0,0,0,0,0,0,0,0,0,0,0,0,0,0,0,0,0,0,0,0,0,0,0,0,0,0
Stasiun Meteorologi Pongtiku ,0,0,0,0,0,0,0,0,0,0,0,0,0,0,0,0,0,0,0,0,0,0,0,0,0,0,0,0,0,0,0,0,0,0,0,0,0,0,0,0,0,0,0,0,0,0,0,0,0,0,0,90.32,3.45,0,0,0,0,0,0,0,0,0,0,0,0,0,0,0,0,6.45,83.87,23.33,58.06,30,16.13,0,0,0,0,0,0,0,0,0,0,0,0,0,0,0,0,0,0,0,0,0,0,0,0,0,0,0,0,0,0,0,0,0,0,0,0,0,0,0,0,0,0,0,0,0,3.23,0,0,16.13,39.29,3.23,0,0,100,100,96.77,96.67,83.87,83.33,100,0,0,0,0,0,0,0,0,0,0,0,0,0,0,0,0,0,0,0,0,0,0,0,0,100,100,100,100,100,70,100,100,100,100,100,100,0,0,0,0,0,0,0,0,0,6.45,0,0,100,100,100,93.33,100,100,100,100,100,100,100,100,100,100,100,96.67,100,100,100,100,100,100,100,100,96.77,100,96.77,100,96.77,100,93.55,100,100,100,100,100,100,100,74.19,0,0,0,0,0,0,0,0,0,0,0,0,0,0,0,0,0,0,0,0,0,0,0,0,0,0,0,0,0,0,0,0,0
Stasiun Meteorologi Sultan Muhammad Kaharuddin,0,0,0,0,0,0,0,0,0,0,0,0,0,0,0,0,0,0,0,0,0,0,0,0,0,0,0,0,0,0,0,0,0,0,0,0,0,0,0,0,0,0,0,0,0,0,0,0,0,0,0,0,0,0,0,0,0,0,0,0,0,0,0,0,0,0,0,0,0,0,0,0,0,0,0,0,0,0,0,0,0,0,0,0,0,0,0,0,0,0,0,0,0,0,0,0,0,0,0,0,0,0,0,0,0,0,0,0,0,0,0,0,0,0,0,0,0,0,0,0,0,0,0,0,0,0,0,0,0,0,0,0,0,0,0,0,0,0,0,0,0,0,0,0,0,0,0,0,0,0,0,0,0,0,0,0,0,0,0,0,0,0,0,0,0,0,0,0,0,0,0,0,0,0,0,0,0,0,0,0,0,0,0,0,0,0,0,0,0,0,0,0,0,0,0,0,0,0,0,0,0,0,0,0,0,0,0,0,0,0,0,0,0,0,0,0,0,0,0,0,0,0,0,0,0,0,0,0,0,0,0,0,0,0,0,0,0,0,0,0,0,0,0,0,0,0,0,0,0,0,0,0,0,0,0
Stasiun Meteorologi Sultan Muhammad Salahuddin,0,0,0,0,0,0,0,0,0,0,0,0,0,0,0,0,0,0,0,0,0,0,0,0,0,0,0,0,0,0,0,0,0,0,0,0,0,0,0,0,0,0,0,0,0,0,0,0,0,0,0,0,0,0,0,0,0,0,0,0,0,0,0,0,0,0,0,0,0,0,0,0,0,0,0,0,0,0,0,0,0,0,0,0,0,0,0,0,0,0,0,0,0,0,0,0,0,0,0,0,0,0,0,0,0,0,0,0,0,0,0,0,0,0,0,0,0,0,0,0,0,0,0,0,0,0,0,0,0,0,0,0,0,0,0,0,0,0,0,0,0,0,0,0,0,0,0,0,0,0,0,0,0,0,0,0,0,0,0,0,0,0,0,0,0,0,0,0,0,0,0,0,0,0,0,0,0,0,0,0,0,0,0,0,0,0,0,0,0,0,0,0,0,0,0,0,0,0,0,0,0,0,0,0,0,0,0,0,0,0,0,0,0,0,0,0,0,0,0,0,0,0,0,0,0,0,0,0,0,0,0,0,0,0,0,0,0,0,0,0,0,0,0,0,0,0,0,0,0,0,0,0,0,0,0
Stasiun Meteorologi Sultan Syarif Kasim II,0,0,0,0,0,0,0,0,0,0,0,0,0,0,0,0,0,0,0,0,0,0,0,0,0,0,0,0,0,0,0,0,0,0,0,0,0,0,0,0,0,0,0,0,0,0,0,0,0,0,0,0,0,0,0,0,0,0,0,0,0,0,0,0,0,0,0,0,0,0,0,0,0,0,0,0,0,0,0,0,0,0,0,0,0,0,0,0,0,0,0,0,0,0,0,0,0,0,0,0,0,0,0,0,0,0,0,0,0,0,0,0,0,0,0,0,0,0,0,0,0,0,0,6.45,7.14,0,0,0,0,0,0,0,29.03,0,0,3.23,3.57,0,0,0,0,0,0,0,32.26,93.33,100,100,100,96.77,70,16.13,0,0,0,0,0,0,0,0,3.57,3.23,0,0,0,0,0,0,0,0,0,0,0,0,0,0,0,100,100,100,96.77,100,96.77,96.77,67.86,100,96.67,90.32,90,100,100,96.67,22.58,36.67,0,0,0,0,0,0,0,0,0,0,0,0,0,0,0,0,0,0,0,0,0,0,0,0,0,0,0,0,0,0,0,0,0,0,0,0,0,0,0,0,0,0,0,0,0,0,0,0,0,0,0,0,0,0,0,0,0,0,0,0,0
Stasiun Meteorologi Sultan Thaha,0,0,0,0,0,0,0,0,0,0,0,0,0,0,0,0,0,0,0,0,0,0,0,0,0,0,0,0,0,0,0,0,0,0,0,0,0,0,0,0,0,0,0,0,0,0,0,0,0,0,0,0,0,0,0,0,0,0,0,0,0,0,6.45,0,0,0,0,0,0,0,0,0,0,0,0,0,0,0,0,0,0,0,0,0,0,0,0,0,0,0,0,0,0,0,0,0,0,0,0,0,0,0,0,0,0,0,0,0,0,90,90.32,100,100,100,96.67,96.77,100,100,100,73.33,96.77,100,48.39,93.55,96.43,29.03,93.33,90.32,100,87.1,100,100,90.32,100,100,93.55,96.43,100,100,96.77,93.33,100,100,96.67,100,96.67,90.32,100,96.55,100,96.67,83.87,90,83.87,100,96.67,100,100,100,25.81,100,100,100,100,73.33,96.77,96.77,100,96.77,93.33,100,96.77,85.71,90.32,100,100,100,100,70.97,100,100,100,83.87,100,100,90.32,86.67,90.32,80,93.55,80.65,96.67,51.61,76.67,64.52,83.87,93.1,100,90,96.77,100,100,90.32,100,87.1,83.33,100,93.55,100,100,30,51.61,100,87.1,100,93.33,90.32,60,0,0,0,0,0,0,0,0,0,0,0,0,0,0,0,0,0,0,0,0,0,0,0,0,0,0,0,0,0,0,0,0,0,0,0,0,0
Stasiun Meteorologi Supadio,0,0,0,0,0,0,0,0,0,0,0,0,0,0,0,0,0,0,0,0,0,0,0,0,0,0,0,0,0,0,0,0,0,0,0,0,0,0,0,0,0,0,0,0,0,0,0,0,0,0,0,0,0,0,0,0,0,0,0,0,0,0,0,0,0,0,0,0,0,0,0,0,0,0,0,0,0,0,0,0,0,0,0,0,0,0,0,0,0,0,0,0,0,0,0,0,3.23,43.33,100,74.19,100,93.55,96.67,87.1,100,90.32,67.74,60,93.55,96.67,96.77,87.1,71.43,90.32,90,80.65,76.67,64.52,90.32,96.67,100,100,96.77,100,100,100,100,100,100,96.77,96.77,100,100,80,74.19,54.84,17.86,0,3.33,70.97,100,100,80.65,100,51.61,0,0,0,0,0,0,0,0,0,0,0,0,0,0,0,0,0,0,0,0,100,100,100,100,100,100,100,100,100,100,100,100,100,96.77,100,100,96.67,100,100,100,100,100,100,100,100,96.77,100,100,100,100,100,100,100,100,100,96.67,90.32,100,100,100,100,100,100,96.43,100,100,100,96.67,100,100,100,100,36.67,0,0,0,0,0,0,0,0,0,0,0,0,0,0,0,0,0,0,0,0,0,0,0,0,0,0,0,0,0,0,0,0,0,0,0,0,0
Stasiun Meteorologi Tjilik Riwut ,0,0,0,0,0,0,0,0,0,0,0,0,0,0,0,0,0,0,0,0,0,0,0,0,0,0,0,0,0,0,0,0,0,0,0,0,0,0,0,0,0,0,0,0,0,0,0,0,0,0,0,0,0,0,0,0,0,0,0,0,0,0,0,0,0,0,0,0,0,0,0,0,0,0,0,0,0,0,0,0,0,0,0,0,0,0,0,0,0,0,0,0,0,0,0,0,0,0,0,0,0,0,0,0,0,0,0,0,0,0,0,0,0,0,0,0,0,0,0,0,0,0,0,0,100,90.32,63.33,100,93.33,96.77,100,93.33,100,96.67,93.55,96.77,100,100,100,96.77,100,96.77,100,96.67,90.32,76.67,0,0,0,0,0,0,0,0,0,0,0,0,0,0,0,0,0,0,0,0,0,23.33,80.65,83.33,83.87,100,100,100,100,93.55,83.33,100,100,100,90.32,100,100,96.77,100,80.65,100,83.87,100,100,100,100,100,100,100,100,100,100,100,100,96.67,100,96.77,96.67,100,100,100,100,96.43,61.29,100,100,96.67,100,100,93.33,100,100,12.9,0,0,0,0,0,0,0,0,0,0,0,0,0,0,0,0,0,0,0,0,0,0,0,0,0,0,0,0,0,0,0,0,0,0,0,0
Stasiun Meteorologi Tunggul Wulung,0,0,0,0,0,0,0,0,0,0,0,0,0,0,0,0,0,0,0,0,0,0,0,0,0,0,0,0,0,0,0,0,0,0,0,0,0,0,0,0,0,0,0,0,0,0,0,0,0,0,0,0,0,0,0,0,0,0,0,0,0,0,0,0,0,0,0,0,0,0,0,0,0,0,0,0,0,0,0,0,0,0,0,0,0,0,0,0,0,0,0,0,0,0,0,0,0,0,0,0,0,0,0,0,0,0,0,0,0,0,0,0,0,0,0,0,0,0,0,0,0,0,0,0,0,0,0,0,0,0,0,0,0,0,0,0,0,0,0,0,0,0,0,0,0,0,0,0,0,0,0,0,0,0,0,0,0,0,0,0,0,0,0,0,0,0,0,0,0,0,0,0,0,0,0,0,0,0,0,0,0,0,0,0,0,0,0,0,0,0,0,0,0,0,0,0,0,0,0,0,0,0,0,0,0,0,0,0,0,0,0,0,0,0,0,0,0,0,0,0,0,0,0,0,0,0,0,0,0,0,0,0,0,0,0,0,0,0,0,0,0,0,0,0,0,0,0,0,0,0,0,0,0,0,0